"STATION","DATE","LATITUDE","LONGITUDE","ELEVATION","NAME","TEMP","TEMP_ATTRIBUTES","DEWP","DEWP_ATTRIBUTES","SLP","SLP_ATTRIBUTES","STP","STP_ATTRIBUTES","VISIB","VISIB_ATTRIBUTES","WDSP","WDSP_ATTRIBUTES","MXSPD","GUST","MAX","MAX_ATTRIBUTES","MIN","MIN_ATTRIBUTES","PRCP","PRCP_ATTRIBUTES","SNDP","FRSHTT"
"72565003017","2023-01-01","39.84657","-104.65623","1647.2","DENVER INTERNATIONAL AIRPORT, CO US","  30.3","24","  22.9","24","1009.1","23","825.6","24"," 10.0","24","  7.1","24"," 11.1","999.9","  48.9"," ","  23.0"," "," 0.00","G","  5.1","100000"
"72565003017","2023-01-02","39.84657","-104.65623","1647.2","DENVER INTERNATIONAL AIRPORT, CO US","  27.6","24","  26.0","24","1009.4","15","825.1","24","  0.9","24","  4.4","24"," 12.0","999.9","  34.0"," ","  23.0"," "," 0.12","G","  3.9","111000"
"72565003017","2023-01-03","39.84657","-104.65623","1647.2","DENVER INTERNATIONAL AIRPORT, CO US","  22.6","24","  20.3","24","1010.3"," 9","824.7","24","  6.8","24","  7.4","24"," 14.0","999.9","  28.0"," ","  17.1"," "," 0.05","G","  3.9","001000"
"72565003017","2023-01-04","39.84657","-104.65623","1647.2","DENVER INTERNATIONAL AIRPORT, CO US","  21.7","24","  12.4","24","1014.9","24","827.9","24"," 10.0","24","  7.4","24"," 14.0","999.9","  30.0"," ","  12.0"," "," 0.00","G","  3.9","000000"
"72565003017","2023-01-05","39.84657","-104.65623","1647.2","DENVER INTERNATIONAL AIRPORT, CO US","  19.5","24","   7.8","24","1022.0","24","833.4","24"," 10.0","24","  6.6","24"," 14.0","999.9","  30.0"," ","  10.0"," "," 0.00","G","  3.9","000000"
"72565003017","2023-01-06","39.84657","-104.65623","1647.2","DENVER INTERNATIONAL AIRPORT, CO US","  25.5","24","  14.3","24","1016.6","24","829.8","24"," 10.0","24","  6.2","24","  9.9","999.9","  37.9"," ","  10.0"," "," 0.00","G","  3.9","000000"
"72565003017","2023-01-07","39.84657","-104.65623","1647.2","DENVER INTERNATIONAL AIRPORT, CO US","  28.5","24","  21.0","24","1023.8","24","836.8","24"," 10.0","24","  7.6","24"," 12.0","999.9","  37.9"," ","  16.0"," "," 0.00","G","  3.9","000000"
"72565003017","2023-01-08","39.84657","-104.65623","1647.2","DENVER INTERNATIONAL AIRPORT, CO US","  29.6","24","  17.0","24","1022.7","24","836.0","24"," 10.0","24","  8.3","24"," 14.0","999.9","  43.0"," ","  18.0"," "," 0.00","G","  3.9","000000"
"72565003017","2023-01-09","39.84657","-104.65623","1647.2","DENVER INTERNATIONAL AIRPORT, CO US","  37.0","24","  19.7","24","1016.5","24","832.4","24"," 10.0","24","  8.7","24"," 18.1"," 27.0","  48.0"," ","  18.0"," "," 0.00","G","  3.9","000000"
"72565003017","2023-01-10","39.84657","-104.65623","1647.2","DENVER INTERNATIONAL AIRPORT, CO US","  37.9","24","  23.9","24","1009.2","24","826.7","24"," 10.0","24","  7.6","24"," 21.0","999.9","  53.1"," ","  21.9"," "," 0.00","G","  3.1","000000"
"72565003017","2023-01-11","39.84657","-104.65623","1647.2","DENVER INTERNATIONAL AIRPORT, CO US","  34.4","24","  26.5","24","1006.8","17","824.9","24","  6.7","24","  9.0","24"," 15.9","999.9","  53.1"," ","  28.0"," "," 0.00","G","  2.0","101000"
"72565003017","2023-01-12","39.84657","-104.65623","1647.2","DENVER INTERNATIONAL AIRPORT, CO US","  29.9","24","  24.3","24","1026.4","24","839.0","24","  8.8","24","  5.8","24"," 11.1","999.9","  41.0"," ","  16.0"," "," 0.07","G","  2.0","000000"
"72565003017","2023-01-13","39.84657","-104.65623","1647.2","DENVER INTERNATIONAL AIRPORT, CO US","  32.3","24","  21.2","24","1026.4","24","839.4","24","  9.5","24","  6.5","24"," 13.0","999.9","  46.9"," ","  16.0"," "," 0.00","G","  2.0","000000"
"72565003017","2023-01-14","39.84657","-104.65623","1647.2","DENVER INTERNATIONAL AIRPORT, CO US","  41.9","24","  25.6","24","1012.2","24","829.6","24"," 10.0","24","  7.8","24"," 14.0","999.9","  57.0","*","  35.1","*"," 0.00","G","  1.2","000000"
"72565003017","2023-01-15","39.84657","-104.65623","1647.2","DENVER INTERNATIONAL AIRPORT, CO US","  38.4","24","  25.8","24"," 999.9","24","819.8","24"," 10.0","24","  5.9","24"," 11.1","999.9","  59.0"," ","  32.0"," "," 0.00","G","  1.2","000000"
"72565003017","2023-01-16","39.84657","-104.65623","1647.2","DENVER INTERNATIONAL AIRPORT, CO US","  34.9","24","  24.6","24","1000.3","22","818.7","24","  9.6","24","  6.6","24"," 11.1","999.9","  46.9"," ","  24.1"," "," 0.00","G","999.9","001000"
"72565003017","2023-01-17","39.84657","-104.65623","1647.2","DENVER INTERNATIONAL AIRPORT, CO US","  30.6","24","  24.1","24","1004.2","24","821.6","24","  7.7","24","  5.5","24"," 11.1","999.9","  46.9"," ","  24.1"," "," 0.00","G","999.9","000000"
"72565003017","2023-01-18","39.84657","-104.65623","1647.2","DENVER INTERNATIONAL AIRPORT, CO US","  25.7","24","  23.2","24","1006.5","10","822.3","24","  1.1","24"," 11.4","24"," 24.1"," 33.0","  35.1"," ","  23.0"," "," 0.74","G","999.9","101000"
"72565003017","2023-01-19","39.84657","-104.65623","1647.2","DENVER INTERNATIONAL AIRPORT, CO US","  22.8","24","  13.3","24","1014.9","24","828.1","24","  9.2","24","  7.9","24"," 13.0","999.9","  32.0"," ","  12.9"," "," 0.13","G","  5.9","001000"
"72565003017","2023-01-20","39.84657","-104.65623","1647.2","DENVER INTERNATIONAL AIRPORT, CO US","  18.7","24","  10.8","24","1022.9","24","834.1","24","  9.7","24","  4.4","24","  7.0","999.9","  32.0"," ","   8.1"," "," 0.00","G","  5.1","000000"
"72565003017","2023-01-21","39.84657","-104.65623","1647.2","DENVER INTERNATIONAL AIRPORT, CO US","  20.9","24","  14.5","24","1023.0","15","834.2","24","  7.8","24","  5.7","24"," 15.0","999.9","  28.0"," ","  12.0"," "," 0.00","G","  5.1","001000"
"72565003017","2023-01-22","39.84657","-104.65623","1647.2","DENVER INTERNATIONAL AIRPORT, CO US","  24.0","24","  16.6","24","1015.8","24","829.4","24","  9.4","24","  7.3","24"," 13.0","999.9","  30.0"," ","  12.0"," "," 0.01","G","  5.1","001000"
"72565003017","2023-01-23","39.84657","-104.65623","1647.2","DENVER INTERNATIONAL AIRPORT, CO US","  21.8","24","  16.4","24","1020.1","22","832.7","24","  8.2","24","  6.5","24"," 12.0","999.9","  30.0"," ","  12.0"," "," 0.00","G","  5.1","001000"
"72565003017","2023-01-24","39.84657","-104.65623","1647.2","DENVER INTERNATIONAL AIRPORT, CO US","  22.6","24","  18.5","24","1019.7","15","832.2","24","  3.8","24","  5.6","24"," 11.1","999.9","  33.1"," ","  16.0"," "," 0.01","G","  3.9","100000"
"72565003017","2023-01-25","39.84657","-104.65623","1647.2","DENVER INTERNATIONAL AIRPORT, CO US","  23.2","24","  14.0","24","1021.6","20","834.1","24","  9.1","24","  7.2","24"," 13.0"," 19.0","  33.1"," ","  17.1"," "," 0.00","G","  3.9","101000"
"72565003017","2023-01-26","39.84657","-104.65623","1647.2","DENVER INTERNATIONAL AIRPORT, CO US","  24.9","24","   8.2","24","1024.3","24","836.3","24"," 10.0","24","  9.8","24"," 14.0"," 17.1","  37.0"," ","  15.1"," "," 0.02","G","  3.9","000000"
"72565003017","2023-01-27","39.84657","-104.65623","1647.2","DENVER INTERNATIONAL AIRPORT, CO US","  32.7","24","  16.7","24","1014.0","24","829.3","24"," 10.0","24","  9.9","24"," 18.1","999.9","  39.9"," ","  15.1"," "," 0.00","G","  3.9","000000"
"72565003017","2023-01-28","39.84657","-104.65623","1647.2","DENVER INTERNATIONAL AIRPORT, CO US","  25.6","24","  16.2","24","1009.9","24","825.2","24","  8.8","24","  7.8","24"," 15.0","999.9","  41.0"," ","  12.0"," "," 0.00","G","  3.1","100000"
"72565003017","2023-01-29","39.84657","-104.65623","1647.2","DENVER INTERNATIONAL AIRPORT, CO US","   6.0","24","   2.2","24","1022.2","15","831.4","24","  3.8","24"," 10.6","24"," 15.9","999.9","  19.0","*","  -0.9","*"," 0.02","G","  3.1","101000"
"72565003017","2023-01-30","39.84657","-104.65623","1647.2","DENVER INTERNATIONAL AIRPORT, CO US","  -4.1","24","  -8.9","24","1028.3","17","833.6","24","  7.7","24","  5.1","24","  7.0","999.9","   9.0"," ","  -9.9"," "," 0.01","G","  3.1","001000"
"72565003017","2023-01-31","39.84657","-104.65623","1647.2","DENVER INTERNATIONAL AIRPORT, CO US","   5.2","24","  -1.4","24","1027.0","21","834.0","24","  8.3","24","  6.5","24"," 13.0","999.9","  23.0"," ","  -9.9"," "," 0.07","G","  3.1","001000"
"72565003017","2023-02-01","39.84657","-104.65623","1647.2","DENVER INTERNATIONAL AIRPORT, CO US","  18.4","24","   4.9","24","1023.8","24","833.4","24"," 10.0","24","  7.7","24"," 13.0","999.9","  41.0"," ","  -7.1"," "," 0.01","G","  3.9","000000"
"72565003017","2023-02-02","39.84657","-104.65623","1647.2","DENVER INTERNATIONAL AIRPORT, CO US","  26.8","24","  14.2","24","1025.2","24","837.5","24"," 10.0","24","  8.8","24"," 14.0","999.9","  41.0"," ","   7.0"," "," 0.00","G","  3.9","000000"
"72565003017","2023-02-03","39.84657","-104.65623","1647.2","DENVER INTERNATIONAL AIRPORT, CO US","  33.7","24","  16.5","24","1026.6","24","839.7","24"," 10.0","24"," 11.3","24"," 17.1","999.9","  51.1"," ","  14.0"," "," 0.00","G","  3.9","000000"
"72565003017","2023-02-04","39.84657","-104.65623","1647.2","DENVER INTERNATIONAL AIRPORT, CO US","  41.5","24","  17.1","24","1017.1","24","833.7","24"," 10.0","24","  9.7","24"," 22.0"," 35.9","  51.1"," ","  26.1"," "," 0.00","G","  2.0","000000"
"72565003017","2023-02-05","39.84657","-104.65623","1647.2","DENVER INTERNATIONAL AIRPORT, CO US","  34.2","24","  19.1","24","1016.1","24","832.3","24"," 10.0","24","  8.0","24"," 17.1","999.9","  48.9"," ","  27.0"," "," 0.00","G","  1.2","000000"
"72565003017","2023-02-06","39.84657","-104.65623","1647.2","DENVER INTERNATIONAL AIRPORT, CO US","  32.0","24","  21.2","24","1009.1","24","825.6","24","  9.6","24","  7.2","24"," 21.0","999.9","  41.0"," ","  21.0"," "," 0.00","G","999.9","001000"
"72565003017","2023-02-07","39.84657","-104.65623","1647.2","DENVER INTERNATIONAL AIRPORT, CO US","  31.0","24","  19.9","24","1022.2","24","836.0","24","  9.9","24","  9.0","24"," 15.0","999.9","  39.0"," ","  21.0"," "," 0.00","G","999.9","000000"
"72565003017","2023-02-08","39.84657","-104.65623","1647.2","DENVER INTERNATIONAL AIRPORT, CO US","  29.8","24","  19.2","24","1020.0","24","833.9","24"," 10.0","24","  7.4","24"," 13.0","999.9","  44.1"," ","  21.0"," "," 0.00","G","999.9","000000"
"72565003017","2023-02-09","39.84657","-104.65623","1647.2","DENVER INTERNATIONAL AIRPORT, CO US","  29.2","24","  18.2","24","1024.0","23","836.8","24"," 10.0","24"," 14.4","24"," 27.0"," 42.0","  44.1"," ","  21.0"," "," 0.00","G","999.9","001000"
"72565003017","2023-02-10","39.84657","-104.65623","1647.2","DENVER INTERNATIONAL AIRPORT, CO US","  22.4","24","  10.7","24","1031.4","24","841.6","24"," 10.0","24","  8.1","24"," 13.0","999.9","  39.9"," ","   9.0"," "," 0.00","G","999.9","000000"
"72565003017","2023-02-11","39.84657","-104.65623","1647.2","DENVER INTERNATIONAL AIRPORT, CO US","  33.9","24","  20.5","24","1020.9","24","834.9","24"," 10.0","24","  6.6","24"," 12.0","999.9","  50.0","*","  25.0","*"," 0.00","G","999.9","000000"
"72565003017","2023-02-12","39.84657","-104.65623","1647.2","DENVER INTERNATIONAL AIRPORT, CO US","  36.6","24","  23.3","24","1015.1","24","831.5","24"," 10.0","24","  6.8","24","  9.9","999.9","  52.0"," ","  23.0"," "," 0.00","G","999.9","000000"
"72565003017","2023-02-13","39.84657","-104.65623","1647.2","DENVER INTERNATIONAL AIRPORT, CO US","  39.2","24","  21.6","24","1011.2","24","828.3","24"," 10.0","24","  9.5","24"," 15.0","999.9","  55.0"," ","  28.0"," "," 0.00","G","999.9","000000"
"72565003017","2023-02-14","39.84657","-104.65623","1647.2","DENVER INTERNATIONAL AIRPORT, CO US","  38.0","24","  25.5","24"," 991.1","24","812.5","24"," 10.0","24"," 10.1","24"," 18.1"," 22.9","  55.0"," ","  28.0"," "," 0.00","G","999.9","000000"
"72565003017","2023-02-15","39.84657","-104.65623","1647.2","DENVER INTERNATIONAL AIRPORT, CO US","  18.5","24","  11.9","24","1009.7","15","825.7","24","  3.9","24"," 12.6","24"," 17.1"," 22.9","  42.1"," ","  10.9"," "," 0.03","G","999.9","001000"
"72565003017","2023-02-16","39.84657","-104.65623","1647.2","DENVER INTERNATIONAL AIRPORT, CO US","  13.0","24","   5.0","24","1025.9","22","834.7","24","  6.5","24","  7.6","24"," 12.0","999.9","  25.0"," ","   3.9"," "," 0.20","G","  1.2","001000"
"72565003017","2023-02-17","39.84657","-104.65623","1647.2","DENVER INTERNATIONAL AIRPORT, CO US","  26.2","24","   9.9","24","1024.7","24","835.8","24"," 10.0","24"," 12.1","24"," 18.1","999.9","  48.9"," ","   3.9"," "," 0.01","G","  2.0","000000"
"72565003017","2023-02-18","39.84657","-104.65623","1647.2","DENVER INTERNATIONAL AIRPORT, CO US","  39.3","24","  19.6","24","1013.8","24","830.7","24"," 10.0","24","  8.2","24"," 12.0","999.9","  50.0","*","  35.1","*"," 0.00","G","  1.2","000000"
"72565003017","2023-02-19","39.84657","-104.65623","1647.2","DENVER INTERNATIONAL AIRPORT, CO US","  39.1","24","  15.5","24","1009.4","24","827.2","24"," 10.0","24","  9.0","24"," 22.0"," 31.1","  50.0"," ","  26.1"," "," 0.00","G","999.9","000000"
"72565003017","2023-02-20","39.84657","-104.65623","1647.2","DENVER INTERNATIONAL AIRPORT, CO US","  39.8","24","  20.6","24","1006.9","24","825.4","24"," 10.0","24","  9.4","24"," 29.9"," 42.9","  54.0"," ","  26.1"," "," 0.00","G","999.9","000000"
"72565003017","2023-02-21","39.84657","-104.65623","1647.2","DENVER INTERNATIONAL AIRPORT, CO US","  43.1","24","  25.6","24"," 998.9","24","819.2","24"," 10.0","24"," 10.5","24"," 14.0","999.9","  60.1"," ","  30.2"," "," 0.00","G","999.9","000000"
"72565003017","2023-02-22","39.84657","-104.65623","1647.2","DENVER INTERNATIONAL AIRPORT, CO US","  19.0","24","  12.4","24"," 994.4","14","814.4","24","  5.1","24"," 10.4","24"," 21.0"," 29.9","  43.0","*","   1.4","*"," 0.00","G","999.9","001000"
"72565003017","2023-02-23","39.84657","-104.65623","1647.2","DENVER INTERNATIONAL AIRPORT, CO US","  -2.2","24","  -9.3","24","1020.8","18","826.3","24","  8.7","24","  7.5","24"," 12.0","999.9","   7.0","*","  -9.9","*"," 0.02","G","999.9","001000"
"72565003017","2023-02-24","39.84657","-104.65623","1647.2","DENVER INTERNATIONAL AIRPORT, CO US","   7.8","24","   0.8","24","1026.0","23","833.4","24","  8.6","24","  4.6","24","  9.9","999.9","9999.9"," ","  -2.0","*"," 0.00","G","  1.2","001000"
"72565003017","2023-02-25","39.84657","-104.65623","1647.2","DENVER INTERNATIONAL AIRPORT, CO US","  35.2","24","  18.6","24","1019.7","24","833.3","24"," 10.0","24","  6.4","24"," 14.0","999.9","  55.9","*","  21.0","*"," 0.00","G","  1.2","000000"
"72565003017","2023-02-26","39.84657","-104.65623","1647.2","DENVER INTERNATIONAL AIRPORT, CO US","  45.4","24","  22.7","24","1004.0","24","823.6","24"," 10.0","24"," 12.1","24"," 25.1"," 36.9","  62.1"," ","  19.9"," "," 0.00","G","999.9","000000"
"72565003017","2023-02-27","39.84657","-104.65623","1647.2","DENVER INTERNATIONAL AIRPORT, CO US","  43.4","24","  17.7","24"," 999.7","24","820.5","24"," 10.0","24"," 14.3","24"," 22.9"," 32.1","  62.1"," ","  32.0"," "," 0.00","G","999.9","000000"
"72565003017","2023-02-28","39.84657","-104.65623","1647.2","DENVER INTERNATIONAL AIRPORT, CO US","  38.4","24","  15.9","24","1001.6","24","820.8","24"," 10.0","24"," 12.8","24"," 22.0"," 31.1","  51.1"," ","  30.0"," "," 0.00","G","999.9","000000"
"72565003017","2023-03-01","39.84657","-104.65623","1647.2","DENVER INTERNATIONAL AIRPORT, CO US","  29.3","24","  14.1","24","1007.0","22","824.1","24","  9.0","24"," 12.1","24"," 22.0"," 28.9","  50.0"," ","  19.9"," "," 0.00","G","999.9","001000"
"72565003017","2023-03-02","39.84657","-104.65623","1647.2","DENVER INTERNATIONAL AIRPORT, CO US","  30.1","24","  20.8","24","1008.0","23","824.2","24","  9.4","24","  6.1","24"," 12.0","999.9","  44.1"," ","  19.9"," "," 0.01","G","999.9","001000"
"72565003017","2023-03-03","39.84657","-104.65623","1647.2","DENVER INTERNATIONAL AIRPORT, CO US","  34.9","24","  20.6","24","1004.8","22","822.3","24","  9.6","24","  6.8","24"," 13.0"," 21.0","  46.9"," ","  25.0"," "," 0.00","G","999.9","001000"
"72565003017","2023-03-04","39.84657","-104.65623","1647.2","DENVER INTERNATIONAL AIRPORT, CO US","  30.7","24","  24.7","24","1010.6","16","827.0","24","  6.6","24"," 10.0","24"," 20.0"," 28.0","  46.9"," ","  18.0"," "," 0.00","G","999.9","101000"
"72565003017","2023-03-05","39.84657","-104.65623","1647.2","DENVER INTERNATIONAL AIRPORT, CO US","  36.2","24","  21.5","24","1006.0","24","823.4","24","  9.9","24","  9.0","24"," 22.9"," 29.9","  54.0"," ","  18.0"," "," 0.00","G","999.9","000000"
"72565003017","2023-03-06","39.84657","-104.65623","1647.2","DENVER INTERNATIONAL AIRPORT, CO US","  32.0","24","  16.2","24","1014.7","24","830.5","24"," 10.0","24","  9.2","24"," 22.9"," 27.0","  54.0"," ","  19.9"," "," 0.00","G","999.9","000000"
"72565003017","2023-03-07","39.84657","-104.65623","1647.2","DENVER INTERNATIONAL AIRPORT, CO US","  29.3","24","  24.1","24","1018.9","20","833.0","24","  7.7","24","  7.9","24"," 20.0","999.9","  39.9"," ","  19.9"," "," 0.00","G","999.9","100000"
"72565003017","2023-03-08","39.84657","-104.65623","1647.2","DENVER INTERNATIONAL AIRPORT, CO US","  30.5","24","  24.0","24","1020.4","20","834.5","24","  9.9","24","  8.6","24"," 17.1"," 21.0","  37.0"," ","  24.1"," "," 0.00","G","999.9","000000"
"72565003017","2023-03-09","39.84657","-104.65623","1647.2","DENVER INTERNATIONAL AIRPORT, CO US","  35.4","24","  19.9","24","1017.1","20","832.0","24","  8.6","24","  9.9","24"," 18.1"," 25.1","  53.1"," ","  26.1"," "," 0.00","G","999.9","000000"
"72565003017","2023-03-10","39.84657","-104.65623","1647.2","DENVER INTERNATIONAL AIRPORT, CO US","  38.0","24","  24.7","24","1011.3","17","829.4","24","  7.4","24"," 10.0","24"," 17.1"," 29.9","  62.1"," ","  25.0"," "," 0.00","G","999.9","101000"
"72565003017","2023-03-11","39.84657","-104.65623","1647.2","DENVER INTERNATIONAL AIRPORT, CO US","  46.0","24","  26.8","24","1002.1","24","822.2","24"," 10.0","24","  9.8","24"," 17.1"," 25.1","  62.1"," ","  25.0"," "," 0.00","G","999.9","000000"
"72565003017","2023-03-12","39.84657","-104.65623","1647.2","DENVER INTERNATIONAL AIRPORT, CO US","  33.9","24","  17.2","24","1015.0","24","831.3","24"," 10.0","24"," 10.3","24"," 15.9"," 22.0","  55.0"," ","  19.9"," "," 0.00","G","999.9","000000"
"72565003017","2023-03-13","39.84657","-104.65623","1647.2","DENVER INTERNATIONAL AIRPORT, CO US","  33.9","24","  20.1","24","1018.7","24","833.5","24"," 10.0","24","  7.0","24"," 12.0"," 17.1","  55.0"," ","  19.9"," "," 0.00","G","999.9","000000"
"72565003017","2023-03-14","39.84657","-104.65623","1647.2","DENVER INTERNATIONAL AIRPORT, CO US","  45.9","24","  17.8","24","1012.7","24","830.7","24"," 10.0","24","  9.6","24"," 14.0"," 18.1","  62.1","*","  35.1","*"," 0.00","G","999.9","000000"
"72565003017","2023-03-15","39.84657","-104.65623","1647.2","DENVER INTERNATIONAL AIRPORT, CO US","  53.2","24","  21.8","24","1003.0","24","824.3","24"," 10.0","24","  7.6","24"," 17.1","999.9","  71.1"," ","  32.0"," "," 0.00","G","999.9","000000"
"72565003017","2023-03-16","39.84657","-104.65623","1647.2","DENVER INTERNATIONAL AIRPORT, CO US","  36.8","24","  25.2","24","1009.9","20","827.7","24","  8.3","24"," 16.3","24"," 27.0"," 35.9","  64.0","*","  26.1","*"," 0.25","G","999.9","011000"
"72565003017","2023-03-17","39.84657","-104.65623","1647.2","DENVER INTERNATIONAL AIRPORT, CO US","  30.1","24","  13.7","24","1022.9","24","836.2","24"," 10.0","24","  6.4","24"," 17.1"," 19.0","  43.0"," ","  21.0"," "," 0.09","G","  2.0","000000"
"72565003017","2023-03-18","39.84657","-104.65623","1647.2","DENVER INTERNATIONAL AIRPORT, CO US","  29.3","24","   9.1","24","1026.0","24","838.7","24"," 10.0","24","  7.6","24"," 17.1"," 26.0","  44.1","*","  15.1","*"," 0.00","G","999.9","000000"
"72565003017","2023-03-19","39.84657","-104.65623","1647.2","DENVER INTERNATIONAL AIRPORT, CO US","  35.7","24","   4.5","24","1020.7","24","835.2","24"," 10.0","24","  9.6","24"," 15.9"," 24.1","  57.0"," ","  12.9"," "," 0.00","G","999.9","000000"
"72565003017","2023-03-20","39.84657","-104.65623","1647.2","DENVER INTERNATIONAL AIRPORT, CO US","  42.3","24","  12.6","24","1006.8","24","825.6","24"," 10.0","24","  9.1","24"," 15.9"," 24.1","  57.0"," ","  19.9"," "," 0.00","G","999.9","000000"
"72565003017","2023-03-21","39.84657","-104.65623","1647.2","DENVER INTERNATIONAL AIRPORT, CO US","  43.9","24","  18.4","24","1002.3","24","822.3","24"," 10.0","24","  7.5","24"," 17.1"," 25.1","  57.9"," ","  26.1"," "," 0.00","G","999.9","000000"
"72565003017","2023-03-22","39.84657","-104.65623","1647.2","DENVER INTERNATIONAL AIRPORT, CO US","  38.5","24","  18.8","24","1006.4","24","825.2","24"," 10.0","24","  7.8","24"," 17.1"," 22.9","  57.9"," ","  24.1"," "," 0.00","G","999.9","000000"
"72565003017","2023-03-23","39.84657","-104.65623","1647.2","DENVER INTERNATIONAL AIRPORT, CO US","  36.4","24","  23.5","24","1011.7","18","828.6","24","  7.5","24","  8.7","24"," 17.1"," 25.1","  53.1"," ","  21.9"," "," 0.00","G","999.9","111000"
"72565003017","2023-03-24","39.84657","-104.65623","1647.2","DENVER INTERNATIONAL AIRPORT, CO US","  38.4","24","  22.9","24","1009.1","23","827.2","24","  9.0","24","  6.1","24"," 17.1"," 19.0","  53.1"," ","  21.9"," "," 0.02","G","999.9","001000"
"72565003017","2023-03-25","39.84657","-104.65623","1647.2","DENVER INTERNATIONAL AIRPORT, CO US","  32.1","24","  19.1","24","1007.4","20","824.4","24","  7.7","24","  8.2","24"," 20.0"," 27.0","  52.0"," ","  18.0"," "," 0.15","G","999.9","101000"
"72565003017","2023-03-26","39.84657","-104.65623","1647.2","DENVER INTERNATIONAL AIRPORT, CO US","  29.9","24","   6.9","24","1014.3","24","829.1","24"," 10.0","24","  8.7","24"," 14.0"," 22.9","  39.9"," ","  18.0"," "," 0.00","I","  2.0","000000"
"72565003017","2023-03-27","39.84657","-104.65623","1647.2","DENVER INTERNATIONAL AIRPORT, CO US","  28.3","24","  19.1","24","1019.9","13","832.6","24","  6.8","24"," 13.0","24"," 26.0"," 35.0","  39.9"," ","  19.9"," "," 0.01","G","999.9","101000"
"72565003017","2023-03-28","39.84657","-104.65623","1647.2","DENVER INTERNATIONAL AIRPORT, CO US","  30.1","24","   9.6","24","1026.5","23","838.7","24"," 10.0","24","  9.0","24"," 15.0"," 21.0","  55.0"," ","  12.9"," "," 0.05","G","  1.2","001000"
"72565003017","2023-03-29","39.84657","-104.65623","1647.2","DENVER INTERNATIONAL AIRPORT, CO US","  34.9","24","  22.5","24","1015.2","24","831.2","24"," 10.0","24","  7.5","24"," 15.0"," 21.0","  46.0","*","  28.0","*"," 0.00","G","999.9","000000"
"72565003017","2023-03-30","39.84657","-104.65623","1647.2","DENVER INTERNATIONAL AIRPORT, CO US","  37.1","24","  20.3","24","1002.7","18","822.1","24","  5.4","24","  9.3","24"," 28.0"," 42.9","9999.9"," ","  19.9","*"," 0.00","G","999.9","100000"
"72565003017","2023-03-31","39.84657","-104.65623","1647.2","DENVER INTERNATIONAL AIRPORT, CO US","  44.1","24","  11.9","24"," 999.4","24","820.2","24","  9.9","24"," 16.3","24"," 26.0"," 39.0","  64.0","*","  35.1","*"," 0.00","G","999.9","000000"
"72565003017","2023-04-01","39.84657","-104.65623","1647.2","DENVER INTERNATIONAL AIRPORT, CO US","  45.7","24","  12.4","24","1013.0","24","831.1","24"," 10.0","24","  7.9","24"," 15.9"," 21.0","  66.9"," ","  26.1"," "," 0.00","G","999.9","000000"
"72565003017","2023-04-02","39.84657","-104.65623","1647.2","DENVER INTERNATIONAL AIRPORT, CO US","  52.9","24","   9.3","24","1003.5","24","824.7","24"," 10.0","24","  6.8","24"," 24.1"," 33.0","  70.0"," ","  26.1"," "," 0.00","G","999.9","000000"
"72565003017","2023-04-03","39.84657","-104.65623","1647.2","DENVER INTERNATIONAL AIRPORT, CO US","  46.1","24","  24.4","24","1000.2","24","821.4","24"," 10.0","24"," 10.8","24"," 20.0"," 28.9","  70.0"," ","  28.0"," "," 0.00","G","999.9","000000"
"72565003017","2023-04-04","39.84657","-104.65623","1647.2","DENVER INTERNATIONAL AIRPORT, CO US","  33.4","24","  24.8","24"," 994.9","16","815.9","24","  7.1","24"," 15.2","24"," 22.9"," 33.0","  55.9","*","  24.1","*"," 0.02","G","999.9","001000"
"72565003017","2023-04-05","39.84657","-104.65623","1647.2","DENVER INTERNATIONAL AIRPORT, CO US","  24.7","24","  12.0","24","1015.9","20","828.7","24","  9.9","24","  8.9","24"," 19.0"," 22.9","  43.0"," ","  10.9"," "," 0.07","G","999.9","001000"
"72565003017","2023-04-06","39.84657","-104.65623","1647.2","DENVER INTERNATIONAL AIRPORT, CO US","  34.3","24","  15.6","24","1023.6","24","837.2","24"," 10.0","24","  6.8","24"," 13.0","999.9","  51.1"," ","  10.9"," "," 0.00","G","999.9","000000"
"72565003017","2023-04-07","39.84657","-104.65623","1647.2","DENVER INTERNATIONAL AIRPORT, CO US","  43.5","24","  10.3","24","1020.5","24","836.6","24"," 10.0","24","  7.4","24"," 13.0","999.9","  68.0"," ","  21.0"," "," 0.00","G","999.9","000000"
"72565003017","2023-04-08","39.84657","-104.65623","1647.2","DENVER INTERNATIONAL AIRPORT, CO US","  54.3","24","  15.9","24","1012.8","24","832.6","24"," 10.0","24","  9.3","24"," 15.9"," 18.1","  70.0","*","  42.1","*"," 0.00","G","999.9","000000"
"72565003017","2023-04-09","39.84657","-104.65623","1647.2","DENVER INTERNATIONAL AIRPORT, CO US","  53.7","24","  24.7","24","1017.4","24","836.8","24"," 10.0","24","  7.0","24"," 20.0"," 33.0","  71.1"," ","  32.0"," "," 0.00","G","999.9","010000"
"72565003017","2023-04-10","39.84657","-104.65623","1647.2","DENVER INTERNATIONAL AIRPORT, CO US","  54.0","24","  22.0","24","1022.5","24","840.7","24"," 10.0","24","  5.8","24"," 11.1","999.9","  75.9"," ","  30.9"," "," 0.00","G","999.9","000000"
"72565003017","2023-04-11","39.84657","-104.65623","1647.2","DENVER INTERNATIONAL AIRPORT, CO US","  63.7","24","  17.7","24","1015.2","24","836.1","24"," 10.0","24","  9.6","24"," 19.0","999.9","  84.0","*","  46.9","*"," 0.00","G","999.9","000000"
"72565003017","2023-04-12","39.84657","-104.65623","1647.2","DENVER INTERNATIONAL AIRPORT, CO US","  68.2","24","  18.3","24","1005.0","24","828.8","24"," 10.0","24"," 10.1","24"," 15.0"," 22.0","  84.9"," ","  44.1"," "," 0.00","G","999.9","000000"
"72565003017","2023-04-13","39.84657","-104.65623","1647.2","DENVER INTERNATIONAL AIRPORT, CO US","  68.8","24","  25.8","24"," 994.8","24","820.8","24"," 10.0","24"," 12.5","24"," 24.1"," 34.0","  84.9"," ","  50.0"," "," 0.00","G","999.9","000000"
"72565003017","2023-04-14","39.84657","-104.65623","1647.2","DENVER INTERNATIONAL AIRPORT, CO US","  47.7","24","  28.0","24"," 997.9","19","822.2","24","  8.5","24"," 10.8","24"," 20.0"," 27.0","  72.0","*","  34.0","*"," 0.00","G","999.9","011000"
"72565003017","2023-04-15","39.84657","-104.65623","1647.2","DENVER INTERNATIONAL AIRPORT, CO US","  37.3","24","  29.0","24","1017.7","16","832.8","24","  8.1","24","  7.9","24"," 15.9"," 24.1","  57.0"," ","  32.0"," "," 0.07","G","999.9","001000"
"72565003017","2023-04-16","39.84657","-104.65623","1647.2","DENVER INTERNATIONAL AIRPORT, CO US","  39.4","24","  20.6","24","1023.4","24","838.4","24"," 10.0","24","  6.8","24"," 11.1"," 15.9","  62.1"," ","  23.0"," "," 0.00","G","999.9","000000"
"72565003017","2023-04-17","39.84657","-104.65623","1647.2","DENVER INTERNATIONAL AIRPORT, CO US","  54.7","24","  16.2","24","1011.0","24","830.9","24"," 10.0","24","  9.5","24"," 18.1","999.9","  72.0","*","  39.0","*"," 0.00","G","999.9","000000"
"72565003017","2023-04-18","39.84657","-104.65623","1647.2","DENVER INTERNATIONAL AIRPORT, CO US","  59.1","24","  15.0","24"," 998.8","23","821.9","24"," 10.0","24"," 12.9","24"," 28.9"," 41.0","  78.1"," ","  39.9"," "," 0.00","G","999.9","000000"
"72565003017","2023-04-19","39.84657","-104.65623","1647.2","DENVER INTERNATIONAL AIRPORT, CO US","  51.4","24","  20.4","24"," 998.4","23","821.2","24","  9.8","24"," 15.7","24"," 35.0"," 49.9","  78.1"," ","  32.0"," "," 0.00","G","999.9","010000"
"72565003017","2023-04-20","39.84657","-104.65623","1647.2","DENVER INTERNATIONAL AIRPORT, CO US","  36.6","24","  14.6","24","1015.6","19","831.6","24","  9.1","24"," 12.5","24"," 25.1"," 40.0","  61.0"," ","  26.1"," "," 0.05","G","999.9","101000"
"72565003017","2023-04-21","39.84657","-104.65623","1647.2","DENVER INTERNATIONAL AIRPORT, CO US","  39.0","24","   7.5","24","1018.7","24","834.7","24"," 10.0","24","  7.4","24"," 15.0"," 21.0","  52.0"," ","  26.1"," "," 0.00","G","999.9","000000"
"72565003017","2023-04-22","39.84657","-104.65623","1647.2","DENVER INTERNATIONAL AIRPORT, CO US","  31.4","24","  24.3","24","1020.7","13","836.3","24","  5.5","24","  7.8","24"," 15.9","999.9","  52.0"," ","  24.1"," "," 0.10","G","999.9","001000"
"72565003017","2023-04-23","39.84657","-104.65623","1647.2","DENVER INTERNATIONAL AIRPORT, CO US","  37.3","24","  23.6","24","1018.6","24","833.7","24","  9.5","24","  4.7","24","  7.0"," 15.9","  57.0"," ","  24.1"," "," 0.02","G","  2.0","000000"
"72565003017","2023-04-24","39.84657","-104.65623","1647.2","DENVER INTERNATIONAL AIRPORT, CO US","  48.2","24","  24.8","24","1009.8","24","828.9","24"," 10.0","24","  6.9","24"," 11.1","999.9","  64.9"," ","  25.0"," "," 0.00","G","999.9","000000"
"72565003017","2023-04-25","39.84657","-104.65623","1647.2","DENVER INTERNATIONAL AIRPORT, CO US","  51.3","24","  32.5","24","1005.4","22","826.4","24","  9.8","24"," 10.5","24"," 26.0"," 34.0","  64.9"," ","  34.0"," "," 0.05","G","999.9","010011"
"72565003017","2023-04-26","39.84657","-104.65623","1647.2","DENVER INTERNATIONAL AIRPORT, CO US","  43.8","24","  38.7","24","1016.4","15","833.9","24","  7.8","24","  7.3","24"," 15.9","999.9","  64.0"," ","  37.9"," "," 0.26","G","999.9","010000"
"72565003017","2023-04-27","39.84657","-104.65623","1647.2","DENVER INTERNATIONAL AIRPORT, CO US","  53.6","24","  31.0","24","1009.7","24","829.6","24"," 10.0","24"," 10.4","24"," 24.1"," 41.0","  68.0"," ","  39.0"," "," 0.00","G","999.9","000000"
"72565003017","2023-04-28","39.84657","-104.65623","1647.2","DENVER INTERNATIONAL AIRPORT, CO US","  43.4","24","  30.0","24","1018.4","22","835.9","24","  9.5","24"," 15.6","24"," 28.0"," 39.0","  68.0"," ","  34.0"," "," 0.16","G","999.9","011000"
"72565003017","2023-04-29","39.84657","-104.65623","1647.2","DENVER INTERNATIONAL AIRPORT, CO US","  53.5","24","  27.7","24","1017.9","24","836.3","24"," 10.0","24","  9.2","24"," 24.1"," 25.1","  73.0"," ","  34.0"," "," 0.00","G","999.9","000000"
"72565003017","2023-04-30","39.84657","-104.65623","1647.2","DENVER INTERNATIONAL AIRPORT, CO US","  53.7","24","  31.9","24","1013.9","24","834.0","24"," 10.0","24","  5.3","24","  8.9","999.9","  73.0"," ","  35.1"," "," 0.00","G","999.9","000000"
"72565003017","2023-05-01","39.84657","-104.65623","1647.2","DENVER INTERNATIONAL AIRPORT, CO US","  54.1","24","  29.8","24","1010.6","24","831.1","24"," 10.0","24","  7.5","24"," 12.0","999.9","  73.0"," ","  35.1"," "," 0.00","G","999.9","000000"
"72565003017","2023-05-02","39.84657","-104.65623","1647.2","DENVER INTERNATIONAL AIRPORT, CO US","  57.3","24","  32.7","24","1010.2","24","831.2","24"," 10.0","24"," 10.1","24"," 22.0"," 31.1","  73.0"," ","  37.9"," "," 0.00","G","999.9","000000"
"72565003017","2023-05-03","39.84657","-104.65623","1647.2","DENVER INTERNATIONAL AIRPORT, CO US","  61.4","24","  35.6","24","1009.4","24","831.1","24"," 10.0","24","  7.4","24"," 15.0","999.9","  79.0"," ","  43.0"," "," 0.00","G","999.9","000000"
"72565003017","2023-05-04","39.84657","-104.65623","1647.2","DENVER INTERNATIONAL AIRPORT, CO US","  62.7","24","  34.2","24","1004.4","24","827.7","24"," 10.0","24","  8.9","24"," 22.0"," 33.0","  79.0"," ","  43.0"," "," 0.00","G","999.9","010010"
"72565003017","2023-05-05","39.84657","-104.65623","1647.2","DENVER INTERNATIONAL AIRPORT, CO US","  57.9","24","  38.9","24","1005.3","24","827.4","24"," 10.0","24","  8.1","24"," 21.0"," 29.9","  77.0"," ","  42.1"," "," 0.02","G","999.9","010000"
"72565003017","2023-05-06","39.84657","-104.65623","1647.2","DENVER INTERNATIONAL AIRPORT, CO US","  55.5","24","  30.4","24","1007.0","24","828.6","24"," 10.0","24","  8.4","24"," 18.1"," 22.0","  77.0"," ","  39.9"," "," 0.00","G","999.9","000000"
"72565003017","2023-05-07","39.84657","-104.65623","1647.2","DENVER INTERNATIONAL AIRPORT, CO US","  58.7","24","  28.1","24","1008.6","24","830.1","24"," 10.0","24","  6.1","24"," 22.0"," 31.1","  72.0"," ","  39.9"," "," 0.00","G","999.9","000000"
"72565003017","2023-05-08","39.84657","-104.65623","1647.2","DENVER INTERNATIONAL AIRPORT, CO US","  57.1","24","  35.7","24","1012.1","24","832.8","24"," 10.0","24","  7.9","24"," 24.1"," 33.0","  73.9"," ","  39.0"," "," 0.00","G","999.9","000000"
"72565003017","2023-05-09","39.84657","-104.65623","1647.2","DENVER INTERNATIONAL AIRPORT, CO US","  59.1","24","  43.2","24","1009.8","23","831.4","24"," 10.0","24"," 10.7","24"," 24.1"," 35.9","  78.1"," ","  39.0"," "," 0.05","G","999.9","010010"
"72565003017","2023-05-10","39.84657","-104.65623","1647.2","DENVER INTERNATIONAL AIRPORT, CO US","  57.7","24","  49.8","24","1009.3","16","830.9","24","  7.3","24"," 11.9","24"," 24.1"," 34.0","  78.1"," ","  43.0"," "," 0.00","G","999.9","110010"
"72565003017","2023-05-11","39.84657","-104.65623","1647.2","DENVER INTERNATIONAL AIRPORT, CO US","  49.5","24","  47.0","24","1008.5","14","828.3","24","  6.1","24","  7.8","24"," 15.9"," 21.0","  64.9"," ","  46.9"," "," 0.83","G","999.9","010000"
"72565003017","2023-05-12","39.84657","-104.65623","1647.2","DENVER INTERNATIONAL AIRPORT, CO US","  50.7","24","  45.7","24","1012.7","19","831.0","24","  6.0","24"," 17.4","24"," 28.0"," 38.1","  59.0"," ","  46.9"," "," 3.20","G","999.9","010000"
"72565003017","2023-05-13","39.84657","-104.65623","1647.2","DENVER INTERNATIONAL AIRPORT, CO US","  52.7","24","  43.6","24","1020.4","24","838.7","24"," 10.0","24","  9.5","24"," 19.0","999.9","  61.0"," ","  45.0"," "," 0.37","G","999.9","000000"
"72565003017","2023-05-14","39.84657","-104.65623","1647.2","DENVER INTERNATIONAL AIRPORT, CO US","  52.2","24","  48.4","24","1024.9","16","843.1","24","  5.3","24","  9.4","24"," 13.0","999.9","  61.0"," ","  45.0"," "," 0.05","G","999.9","010000"
"72565003017","2023-05-15","39.84657","-104.65623","1647.2","DENVER INTERNATIONAL AIRPORT, CO US","  51.4","24","  47.6","24","1028.2","15","845.6","24","  5.0","24","  7.9","24"," 15.9"," 21.0","  61.0"," ","  48.0"," "," 0.12","G","999.9","010000"
"72565003017","2023-05-16","39.84657","-104.65623","1647.2","DENVER INTERNATIONAL AIRPORT, CO US","  60.4","24","  44.6","24","1019.1","24","838.5","24"," 10.0","24","  7.0","24"," 13.0"," 17.1","  78.1"," ","  46.9"," "," 0.01","G","999.9","000000"
"72565003017","2023-05-17","39.84657","-104.65623","1647.2","DENVER INTERNATIONAL AIRPORT, CO US","  63.4","24","  44.5","24","1012.2","24","834.3","24"," 10.0","24","  7.8","24"," 12.0"," 20.0","  78.1"," ","  46.9"," "," 0.05","G","999.9","010010"
"72565003017","2023-05-18","39.84657","-104.65623","1647.2","DENVER INTERNATIONAL AIRPORT, CO US","  59.9","24","  50.0","24","1011.4","19","833.4","24","  9.2","24","  5.8","24"," 21.0"," 29.9","  78.1"," ","  51.1"," "," 0.02","G","999.9","010010"
"72565003017","2023-05-19","39.84657","-104.65623","1647.2","DENVER INTERNATIONAL AIRPORT, CO US","  52.3","24","  48.0","24","1020.7","19","839.6","24","  4.7","24","  7.6","24"," 21.0"," 28.0","  66.9"," ","  50.0"," "," 0.17","G","999.9","010000"
"72565003017","2023-05-20","39.84657","-104.65623","1647.2","DENVER INTERNATIONAL AIRPORT, CO US","  55.9","24","  47.6","24","1021.2","19","840.2","24","  3.1","24","  4.8","24","  8.9","999.9","  70.0"," ","  46.0"," "," 0.00","G","999.9","000000"
"72565003017","2023-05-21","39.84657","-104.65623","1647.2","DENVER INTERNATIONAL AIRPORT, CO US","  61.3","24","  43.7","24","1016.5","24","837.1","24","  9.2","24","  7.8","24"," 14.0"," 21.0","  73.9"," ","  46.0"," "," 0.00","G","999.9","000000"
"72565003017","2023-05-22","39.84657","-104.65623","1647.2","DENVER INTERNATIONAL AIRPORT, CO US","  62.1","24","  43.0","24","1012.6","24","834.2","24","  8.5","24","  6.8","24","  9.9","999.9","  73.9"," ","  48.9"," "," 0.00","G","999.9","000000"
"72565003017","2023-05-23","39.84657","-104.65623","1647.2","DENVER INTERNATIONAL AIRPORT, CO US","  63.5","24","  47.3","24","1010.8","24","832.9","24","  8.1","24","  6.8","24"," 11.1"," 17.1","  77.0"," ","  51.1"," "," 0.00","G","999.9","000000"
"72565003017","2023-05-24","39.84657","-104.65623","1647.2","DENVER INTERNATIONAL AIRPORT, CO US","  61.3","24","  50.9","24","1011.0","21","833.2","24","  7.3","24","  7.7","24"," 25.1"," 35.0","  77.0"," ","  52.0"," "," 0.00","G","999.9","010110"
"72565003017","2023-05-25","39.84657","-104.65623","1647.2","DENVER INTERNATIONAL AIRPORT, CO US","  60.2","24","  49.2","24","1010.8","24","832.1","24","  9.9","24","  6.7","24"," 14.0"," 21.0","  75.9","*","  48.0","*"," 0.02","G","999.9","010010"
"72565003017","2023-05-26","39.84657","-104.65623","1647.2","DENVER INTERNATIONAL AIRPORT, CO US","  59.6","24","  50.7","24","1010.9","20","832.4","24","  9.6","24","  8.7","24"," 32.1"," 46.0","  75.9"," ","  46.9"," "," 0.06","G","999.9","010110"
"72565003017","2023-05-27","39.84657","-104.65623","1647.2","DENVER INTERNATIONAL AIRPORT, CO US","  60.5","24","  49.7","24","1010.2","21","831.5","24"," 10.0","24","  6.5","24"," 17.1"," 31.1","  77.0"," ","  48.9"," "," 0.45","G","999.9","010010"
"72565003017","2023-05-28","39.84657","-104.65623","1647.2","DENVER INTERNATIONAL AIRPORT, CO US","  61.5","24","  46.0","24","1009.6","21","831.4","24"," 10.0","24","  7.3","24"," 21.0"," 33.0","  77.0"," ","  48.0"," "," 0.10","G","999.9","010010"
"72565003017","2023-05-29","39.84657","-104.65623","1647.2","DENVER INTERNATIONAL AIRPORT, CO US","  65.7","24","  45.7","24","1009.1","24","831.7","24"," 10.0","24","  7.7","24"," 19.0"," 31.1","  82.0"," ","  48.0"," "," 0.00","G","999.9","010010"
"72565003017","2023-05-30","39.84657","-104.65623","1647.2","DENVER INTERNATIONAL AIRPORT, CO US","  63.6","24","  45.2","24","1009.1","24","831.8","24"," 10.0","24","  7.8","24"," 31.1"," 41.0","  82.0"," ","  52.0"," "," 0.00","G","999.9","010010"
"72565003017","2023-05-31","39.84657","-104.65623","1647.2","DENVER INTERNATIONAL AIRPORT, CO US","  63.9","24","  44.4","24","1007.5","24","830.2","24"," 10.0","24","  8.6","24"," 17.1"," 24.1","  80.1"," ","  48.9"," "," 0.00","G","999.9","010010"
"72565003017","2023-06-01","39.84657","-104.65623","1647.2","DENVER INTERNATIONAL AIRPORT, CO US","  59.3","24","  48.8","24","1005.9","17","828.9","24","  9.3","24","  7.6","24"," 17.1"," 24.1","  79.0"," ","  48.0"," "," 0.01","G","999.9","010010"
"72565003017","2023-06-02","39.84657","-104.65623","1647.2","DENVER INTERNATIONAL AIRPORT, CO US","  60.8","24","  48.4","24","1007.7","23","829.8","24","  9.9","24","  7.3","24"," 21.0"," 27.0","  71.1"," ","  48.0"," "," 0.12","G","999.9","010010"
"72565003017","2023-06-03","39.84657","-104.65623","1647.2","DENVER INTERNATIONAL AIRPORT, CO US","  56.8","24","  50.3","24","1011.1","13","833.2","24","  7.9","24","  6.5","24"," 11.1","999.9","  70.0"," ","  51.1"," "," 0.02","G","999.9","010000"
"72565003017","2023-06-04","39.84657","-104.65623","1647.2","DENVER INTERNATIONAL AIRPORT, CO US","  55.6","24","  52.0","24","1016.8","14","836.6","24","  5.9","24","  5.3","24"," 15.0","999.9","  61.0"," ","  52.0"," "," 0.52","G","999.9","010000"
"72565003017","2023-06-05","39.84657","-104.65623","1647.2","DENVER INTERNATIONAL AIRPORT, CO US","  59.4","24","  52.5","24","1018.1","22","837.7","24"," 10.0","24","  6.7","24"," 13.0"," 18.1","  70.0"," ","  52.0"," "," 1.15","G","999.9","000000"
"72565003017","2023-06-06","39.84657","-104.65623","1647.2","DENVER INTERNATIONAL AIRPORT, CO US","  61.3","24","  50.8","24","1014.2","23","835.1","24"," 10.0","24","  6.7","24"," 14.0"," 19.0","  77.0"," ","  51.1"," "," 0.00","G","999.9","010010"
"72565003017","2023-06-07","39.84657","-104.65623","1647.2","DENVER INTERNATIONAL AIRPORT, CO US","  63.4","24","  51.1","24","1010.2","24","832.3","24"," 10.0","24","  7.7","24"," 18.1"," 26.0","  77.0"," ","  50.0"," "," 0.00","G","999.9","010000"
"72565003017","2023-06-08","39.84657","-104.65623","1647.2","DENVER INTERNATIONAL AIRPORT, CO US","  64.8","24","  48.9","24","1010.4","24","832.8","24"," 10.0","24","  5.6","24"," 18.1","999.9","  78.1"," ","  50.0"," "," 0.00","G","999.9","000000"
"72565003017","2023-06-09","39.84657","-104.65623","1647.2","DENVER INTERNATIONAL AIRPORT, CO US","  66.2","24","  48.7","24","1010.1","20","833.1","24","  9.6","24","  8.3","24"," 28.0"," 45.1","  79.0"," ","  54.0"," "," 0.22","G","999.9","010010"
"72565003017","2023-06-10","39.84657","-104.65623","1647.2","DENVER INTERNATIONAL AIRPORT, CO US","  62.4","24","  47.7","24","1010.3","24","832.4","24"," 10.0","24","  6.1","24"," 15.0","999.9","  79.0"," ","  51.1"," "," 0.06","G","999.9","000000"
"72565003017","2023-06-11","39.84657","-104.65623","1647.2","DENVER INTERNATIONAL AIRPORT, CO US","  58.6","24","  49.6","24","1013.1","21","834.5","24","  9.9","24","  6.6","24"," 15.0"," 22.0","  75.0"," ","  50.0"," "," 0.00","G","999.9","010000"
"72565003017","2023-06-12","39.84657","-104.65623","1647.2","DENVER INTERNATIONAL AIRPORT, CO US","  56.8","24","  51.0","24","1012.7","21","833.6","24","  9.9","24","  8.5","24"," 20.0"," 25.1","  64.9"," ","  50.0"," "," 0.08","G","999.9","010110"
"72565003017","2023-06-13","39.84657","-104.65623","1647.2","DENVER INTERNATIONAL AIRPORT, CO US","  53.8","24","  48.7","24","1012.6","24","832.8","24","  9.9","24","  5.1","24"," 13.0","999.9","  64.9"," ","  48.9"," "," 0.25","G","999.9","010000"
"72565003017","2023-06-14","39.84657","-104.65623","1647.2","DENVER INTERNATIONAL AIRPORT, CO US","  60.9","24","  45.9","24","1008.9","24","830.4","24"," 10.0","24","  6.4","24"," 13.0","999.9","  77.0"," ","  46.9"," "," 0.07","G","999.9","000000"
"72565003017","2023-06-15","39.84657","-104.65623","1647.2","DENVER INTERNATIONAL AIRPORT, CO US","  65.5","24","  48.4","24","1005.0","22","828.4","24"," 10.0","24","  7.5","24"," 12.0","999.9","  77.0"," ","  46.9"," "," 0.00","G","999.9","010010"
"72565003017","2023-06-16","39.84657","-104.65623","1647.2","DENVER INTERNATIONAL AIRPORT, CO US","  57.3","24","  52.2","24","1013.0","20","834.3","24","  9.1","24","  7.0","24"," 17.1"," 24.1","  75.9"," ","  51.1"," "," 0.28","G","999.9","110000"
"72565003017","2023-06-17","39.84657","-104.65623","1647.2","DENVER INTERNATIONAL AIRPORT, CO US","  57.1","24","  49.7","24","1013.4","17","834.7","24","  9.7","24","  4.7","24"," 13.0"," 19.0","  72.0"," ","  46.9"," "," 0.57","G","999.9","110000"
"72565003017","2023-06-18","39.84657","-104.65623","1647.2","DENVER INTERNATIONAL AIRPORT, CO US","  66.0","24","  44.5","24","1007.5","24","830.1","24"," 10.0","24","  8.8","24"," 13.0"," 15.9","  82.9"," ","  46.9"," "," 0.00","G","999.9","000000"
"72565003017","2023-06-19","39.84657","-104.65623","1647.2","DENVER INTERNATIONAL AIRPORT, CO US","  72.8","24","  46.3","24","1002.7","24","827.6","24"," 10.0","24"," 10.3","24"," 15.9"," 26.0","  87.1"," ","  52.0"," "," 0.00","G","999.9","000000"
"72565003017","2023-06-20","39.84657","-104.65623","1647.2","DENVER INTERNATIONAL AIRPORT, CO US","  71.8","24","  43.1","24","1005.0","24","829.6","24"," 10.0","24","  9.2","24"," 21.0"," 29.9","  87.1"," ","  57.9"," "," 0.00","G","999.9","000000"
"72565003017","2023-06-21","39.84657","-104.65623","1647.2","DENVER INTERNATIONAL AIRPORT, CO US","  68.5","24","  53.7","24","1010.3","24","833.6","24","  9.5","24","  8.1","24"," 15.0"," 21.0","  84.9"," ","  53.1"," "," 0.00","G","999.9","000000"
"72565003017","2023-06-22","39.84657","-104.65623","1647.2","DENVER INTERNATIONAL AIRPORT, CO US","  65.1","24","  56.1","24","1012.8","17","834.9","24","  9.4","24"," 13.6","24"," 24.1"," 35.9","  82.9"," ","  53.1"," "," 1.89","G","999.9","010110"
"72565003017","2023-06-23","39.84657","-104.65623","1647.2","DENVER INTERNATIONAL AIRPORT, CO US","  65.7","24","  56.5","24","1008.6","18","831.6","24","  9.2","24","  7.0","24"," 13.0"," 24.1","  84.0"," ","  54.0"," "," 0.12","G","999.9","110010"
"72565003017","2023-06-24","39.84657","-104.65623","1647.2","DENVER INTERNATIONAL AIRPORT, CO US","  69.0","24","  45.4","24","1008.1","24","831.5","24"," 10.0","24","  9.6","24"," 19.0"," 28.0","  84.0"," ","  50.0"," "," 0.00","G","999.9","000000"
"72565003017","2023-06-25","39.84657","-104.65623","1647.2","DENVER INTERNATIONAL AIRPORT, CO US","  65.5","24","  49.9","24","1015.4","24","837.3","24"," 10.0","24","  7.4","24"," 13.0"," 20.0","  82.0"," ","  50.0"," "," 0.00","G","999.9","000000"
"72565003017","2023-06-26","39.84657","-104.65623","1647.2","DENVER INTERNATIONAL AIRPORT, CO US","  69.0","24","  53.3","24","1011.1","24","833.9","24"," 10.0","24","  8.3","24"," 15.9"," 22.0","  86.0"," ","  50.0"," "," 0.00","G","999.9","000000"
"72565003017","2023-06-27","39.84657","-104.65623","1647.2","DENVER INTERNATIONAL AIRPORT, CO US","  75.6","24","  52.9","24","1004.1","24","829.2","24"," 10.0","24"," 11.5","24"," 20.0"," 31.1","  91.9"," ","  53.1"," "," 0.00","G","999.9","000000"
"72565003017","2023-06-28","39.84657","-104.65623","1647.2","DENVER INTERNATIONAL AIRPORT, CO US","  72.4","24","  55.9","24","1006.0","23","830.8","24"," 10.0","24","  7.0","24"," 14.0"," 20.0","  91.9"," ","  59.0"," "," 0.00","G","999.9","000000"
"72565003017","2023-06-29","39.84657","-104.65623","1647.2","DENVER INTERNATIONAL AIRPORT, CO US","  70.7","24","  55.2","24","1009.9","21","833.5","24","  9.7","24","  9.2","24"," 22.9"," 32.1","  82.9"," ","  59.0"," "," 0.00","G","999.9","010010"
"72565003017","2023-06-30","39.84657","-104.65623","1647.2","DENVER INTERNATIONAL AIRPORT, CO US","  60.5","24","  53.9","24","1015.4","18","836.1","24","  9.6","24"," 10.4","24"," 27.0"," 36.9","  81.0"," ","  54.0"," "," 0.75","G","999.9","010010"
"72565003017","2023-07-01","39.84657","-104.65623","1647.2","DENVER INTERNATIONAL AIRPORT, CO US","  65.7","24","  51.3","24","1016.0","24","837.3","24"," 10.0","24","  5.0","24"," 11.1"," 20.0","  82.0"," ","  54.0"," "," 0.11","G","999.9","000000"
"72565003017","2023-07-02","39.84657","-104.65623","1647.2","DENVER INTERNATIONAL AIRPORT, CO US","  71.1","24","  50.2","24","1013.0","24","835.8","24"," 10.0","24","  6.1","24"," 12.0","999.9","  86.0"," ","  54.0"," "," 0.00","G","999.9","000000"
"72565003017","2023-07-03","39.84657","-104.65623","1647.2","DENVER INTERNATIONAL AIRPORT, CO US","  72.2","24","  50.2","24","1011.3","24","834.7","24"," 10.0","24","  6.9","24","  9.9","999.9","  86.0"," ","  57.9"," "," 0.00","G","999.9","000000"
"72565003017","2023-07-04","39.84657","-104.65623","1647.2","DENVER INTERNATIONAL AIRPORT, CO US","  70.9","24","  51.3","24","1010.9","21","834.6","24"," 10.0","24","  9.3","24"," 17.1"," 32.1","  86.0"," ","  59.0"," "," 0.01","G","999.9","010010"
"72565003017","2023-07-05","39.84657","-104.65623","1647.2","DENVER INTERNATIONAL AIRPORT, CO US","  61.0","24","  56.0","24","1017.2","15","838.2","24","  8.3","24","  9.5","24"," 33.0"," 47.0","  75.9","*","  53.6","*"," 0.78","G","999.9","010110"
"72565003017","2023-07-06","39.84657","-104.65623","1647.2","DENVER INTERNATIONAL AIRPORT, CO US","  63.3","24","  58.8","24","1015.5","17","836.6","24","  4.3","24","  7.9","24"," 24.1"," 38.1","  79.0"," ","  54.0"," "," 0.01","G","999.9","110010"
"72565003017","2023-07-07","39.84657","-104.65623","1647.2","DENVER INTERNATIONAL AIRPORT, CO US","  65.3","24","  56.8","24","1012.0","21","834.3","24","  9.2","24","  6.9","24"," 15.9"," 26.0","  79.0"," ","  55.9"," "," 0.01","G","999.9","010010"
"72565003017","2023-07-08","39.84657","-104.65623","1647.2","DENVER INTERNATIONAL AIRPORT, CO US","  65.4","24","  56.5","24","1012.7","22","834.8","24"," 10.0","24","  8.5","24"," 25.1"," 34.0","  80.1"," ","  55.9"," "," 0.12","G","999.9","010010"
"72565003017","2023-07-09","39.84657","-104.65623","1647.2","DENVER INTERNATIONAL AIRPORT, CO US","  66.8","24","  56.8","24","1012.6","22","835.0","24","  9.7","24","  9.8","24"," 26.0"," 28.0","  80.1"," ","  55.9"," "," 0.00","G","999.9","000000"
"72565003017","2023-07-10","39.84657","-104.65623","1647.2","DENVER INTERNATIONAL AIRPORT, CO US","  73.1","24","  55.4","24","1010.4","24","833.9","24"," 10.0","24","  7.5","24"," 11.1"," 18.1","  91.9"," ","  57.0"," "," 0.00","G","999.9","000000"
"72565003017","2023-07-11","39.84657","-104.65623","1647.2","DENVER INTERNATIONAL AIRPORT, CO US","  78.1","24","  49.5","24","1008.8","24","833.5","24"," 10.0","24","  6.9","24"," 11.1","999.9","  93.0"," ","  61.0"," "," 0.00","G","999.9","000000"
"72565003017","2023-07-12","39.84657","-104.65623","1647.2","DENVER INTERNATIONAL AIRPORT, CO US","  76.7","24","  49.7","24","1009.2","24","833.8","24"," 10.0","24","  7.3","24"," 11.1"," 17.1","  93.0"," ","  62.1"," "," 0.00","G","999.9","000000"
"72565003017","2023-07-13","39.84657","-104.65623","1647.2","DENVER INTERNATIONAL AIRPORT, CO US","  76.8","24","  52.5","24","1009.3","23","833.9","24"," 10.0","24","  7.0","24"," 15.0"," 22.9","  93.0"," ","  62.1"," "," 0.00","G","999.9","010010"
"72565003017","2023-07-14","39.84657","-104.65623","1647.2","DENVER INTERNATIONAL AIRPORT, CO US","  74.5","24","  55.5","24","1009.9","24","834.3","24"," 10.0","24"," 11.3","24"," 19.0"," 28.0","  93.0"," ","  61.0"," "," 0.00","G","999.9","000000"
"72565003017","2023-07-15","39.84657","-104.65623","1647.2","DENVER INTERNATIONAL AIRPORT, CO US","  70.3","24","  55.2","24","1015.8","24","838.2","24"," 10.0","24","  6.1","24"," 15.0","999.9","  87.1"," ","  57.0"," "," 0.00","G","999.9","010010"
"72565003017","2023-07-16","39.84657","-104.65623","1647.2","DENVER INTERNATIONAL AIRPORT, CO US","  73.1","24","  51.5","24","1014.8","24","837.7","24"," 10.0","24","  9.5","24"," 17.1"," 26.0","  87.1"," ","  57.0"," "," 0.00","G","999.9","000000"
"72565003017","2023-07-17","39.84657","-104.65623","1647.2","DENVER INTERNATIONAL AIRPORT, CO US","  78.4","24","  48.6","24","1012.2","24","836.4","24"," 10.0","24","  7.5","24"," 14.0","999.9","  97.0"," ","  62.1"," "," 0.00","G","999.9","000000"
"72565003017","2023-07-18","39.84657","-104.65623","1647.2","DENVER INTERNATIONAL AIRPORT, CO US","  82.3","24","  45.3","24","1009.5","22","834.7","24"," 10.0","24","  9.4","24"," 22.9"," 29.9","  97.0"," ","  62.1"," "," 0.00","G","999.9","010010"
"72565003017","2023-07-19","39.84657","-104.65623","1647.2","DENVER INTERNATIONAL AIRPORT, CO US","  77.8","24","  53.0","24","1013.8","23","837.7","24"," 10.0","24"," 10.2","24"," 21.0"," 28.0","  97.0"," ","  68.0"," "," 0.00","G","999.9","010010"
"72565003017","2023-07-20","39.84657","-104.65623","1647.2","DENVER INTERNATIONAL AIRPORT, CO US","  69.9","24","  57.3","24","1017.7","21","840.3","24","  9.7","24","  8.5","24"," 21.0"," 31.1","  90.0"," ","  60.1"," "," 0.09","G","999.9","010010"
"72565003017","2023-07-21","39.84657","-104.65623","1647.2","DENVER INTERNATIONAL AIRPORT, CO US","  65.8","24","  55.5","24","1019.6","16","841.1","24","  7.7","24","  6.1","24"," 21.0"," 28.9","  82.9","*","  51.8","*"," 0.11","G","999.9","110010"
"72565003017","2023-07-22","39.84657","-104.65623","1647.2","DENVER INTERNATIONAL AIRPORT, CO US","  71.6","24","  52.2","24","1016.5","22","838.8","24","  9.9","24","  6.2","24"," 19.0"," 41.0","  90.0"," ","  52.0"," "," 0.06","G","999.9","010010"
"72565003017","2023-07-23","39.84657","-104.65623","1647.2","DENVER INTERNATIONAL AIRPORT, CO US","  77.3","24","  47.7","24","1013.4","24","837.0","24"," 10.0","24","  9.1","24"," 25.1"," 38.1","  97.0"," ","  57.0"," "," 0.00","G","999.9","010010"
"72565003017","2023-07-24","39.84657","-104.65623","1647.2","DENVER INTERNATIONAL AIRPORT, CO US","  79.8","24","  48.1","24","1013.9","24","838.0","24","  9.9","24","  7.8","24"," 14.0"," 28.9","  98.1"," ","  57.0"," "," 0.00","G","999.9","010010"
"72565003017","2023-07-25","39.84657","-104.65623","1647.2","DENVER INTERNATIONAL AIRPORT, CO US","  80.5","24","  51.7","24","1012.8","21","837.4","24","  9.8","24","  8.4","24"," 27.0"," 39.0","  98.1"," ","  63.0"," "," 0.09","G","999.9","010010"
"72565003017","2023-07-26","39.84657","-104.65623","1647.2","DENVER INTERNATIONAL AIRPORT, CO US","  78.0","24","  53.3","24","1013.4","22","837.3","24","  9.9","24","  9.2","24"," 17.1"," 28.0","  98.1"," ","  64.9"," "," 0.13","G","999.9","010010"
"72565003017","2023-07-27","39.84657","-104.65623","1647.2","DENVER INTERNATIONAL AIRPORT, CO US","  76.9","24","  51.7","24","1013.0","24","836.9","24"," 10.0","24","  8.6","24"," 14.0"," 18.1","  95.0"," ","  63.0"," "," 0.11","G","999.9","010010"
"72565003017","2023-07-28","39.84657","-104.65623","1647.2","DENVER INTERNATIONAL AIRPORT, CO US","  75.6","24","  51.6","24","1013.9","20","837.7","24"," 10.0","24"," 10.4","24"," 21.0"," 27.0","  95.0"," ","  60.1"," "," 0.00","G","999.9","010010"
"72565003017","2023-07-29","39.84657","-104.65623","1647.2","DENVER INTERNATIONAL AIRPORT, CO US","  73.7","24","  55.6","24","1017.1","24","839.8","24"," 10.0","24","  9.0","24"," 13.0","999.9","  93.9"," ","  60.1"," "," 0.28","G","999.9","000000"
"72565003017","2023-07-30","39.84657","-104.65623","1647.2","DENVER INTERNATIONAL AIRPORT, CO US","  77.3","24","  55.3","24","1015.5","24","839.0","23"," 10.0","24","  6.6","24"," 12.0","999.9","  93.9"," ","  60.1"," "," 0.00","G","999.9","000000"
"72565003017","2023-07-31","39.84657","-104.65623","1647.2","DENVER INTERNATIONAL AIRPORT, CO US","  77.0","24","  56.1","24","1013.7","23","837.8","24","  9.8","24","  6.6","24"," 12.0","999.9","  93.9"," ","  60.1"," "," 0.00","G","999.9","010000"
"72565003017","2023-08-01","39.84657","-104.65623","1647.2","DENVER INTERNATIONAL AIRPORT, CO US","  72.7","24","  59.6","24","1015.3","21","838.4","24","  9.9","24","  7.9","24"," 21.0"," 29.9","  90.0"," ","  63.0"," "," 0.30","G","999.9","010010"
"72565003017","2023-08-02","39.84657","-104.65623","1647.2","DENVER INTERNATIONAL AIRPORT, CO US","  72.1","24","  56.1","24","1014.5","24","837.4","24"," 10.0","24","  6.9","24"," 15.9"," 25.1","  89.1"," ","  61.0"," "," 0.00","G","999.9","010000"
"72565003017","2023-08-03","39.84657","-104.65623","1647.2","DENVER INTERNATIONAL AIRPORT, CO US","  71.9","24","  59.0","24","1013.6","23","836.8","24","  9.9","24","  7.6","24"," 22.0"," 40.0","  86.0"," ","  61.0"," "," 0.05","G","999.9","010010"
"72565003017","2023-08-04","39.84657","-104.65623","1647.2","DENVER INTERNATIONAL AIRPORT, CO US","  71.2","24","  56.5","24","1012.7","24","835.8","24"," 10.0","24","  3.6","24"," 15.9"," 27.0","  89.1"," ","  59.0"," "," 0.60","G","999.9","010010"
"72565003017","2023-08-05","39.84657","-104.65623","1647.2","DENVER INTERNATIONAL AIRPORT, CO US","  73.1","24","  53.0","24","1013.3","24","836.6","24"," 10.0","24","  6.0","24"," 14.0"," 21.0","  89.1"," ","  57.0"," "," 0.00","G","999.9","000000"
"72565003017","2023-08-06","39.84657","-104.65623","1647.2","DENVER INTERNATIONAL AIRPORT, CO US","  64.1","24","  50.8","24","1019.2","22","840.3","24"," 10.0","24","  5.0","24"," 17.1"," 28.9","  87.1"," ","  57.0"," "," 0.00","G","999.9","010010"
"72565003017","2023-08-07","39.84657","-104.65623","1647.2","DENVER INTERNATIONAL AIRPORT, CO US","  66.6","24","  51.5","24","1016.4","20","837.6","24","  8.9","24","  7.6","24"," 15.0"," 24.1","  82.9"," ","  54.0"," "," 0.00","G","999.9","010010"
"72565003017","2023-08-08","39.84657","-104.65623","1647.2","DENVER INTERNATIONAL AIRPORT, CO US","  67.0","24","  53.3","24","1012.6","24","835.0","24"," 10.0","24","  7.3","24"," 15.0","999.9","  84.0"," ","  54.0"," "," 0.09","G","999.9","000000"
"72565003017","2023-08-09","39.84657","-104.65623","1647.2","DENVER INTERNATIONAL AIRPORT, CO US","  68.7","24","  49.0","24","1010.5","24","833.6","24"," 10.0","24","  6.9","24"," 17.1","999.9","  84.0"," ","  53.1"," "," 0.00","G","999.9","000000"
"72565003017","2023-08-10","39.84657","-104.65623","1647.2","DENVER INTERNATIONAL AIRPORT, CO US","  73.6","24","  48.1","24","1008.5","24","832.4","24"," 10.0","24","  8.5","24"," 15.9","999.9","  91.9"," ","  53.1"," "," 0.00","G","999.9","000000"
"72565003017","2023-08-11","39.84657","-104.65623","1647.2","DENVER INTERNATIONAL AIRPORT, CO US","  76.7","24","  45.4","24","1008.6","24","833.3","24"," 10.0","24","  7.6","24"," 24.1"," 38.1","  91.9"," ","  57.9"," "," 0.00","G","999.9","000000"
"72565003017","2023-08-12","39.84657","-104.65623","1647.2","DENVER INTERNATIONAL AIRPORT, CO US","  74.3","24","  50.5","24","1011.4","24","835.4","24"," 10.0","24"," 10.9","24"," 21.0"," 32.1","  91.0"," ","  62.1"," "," 0.00","G","999.9","000010"
"72565003017","2023-08-13","39.84657","-104.65623","1647.2","DENVER INTERNATIONAL AIRPORT, CO US","  70.2","24","  49.6","24","1014.2","24","837.1","24"," 10.0","24"," 11.2","24"," 18.1"," 27.0","  87.1"," ","  62.1"," "," 0.00","G","999.9","000000"
"72565003017","2023-08-14","39.84657","-104.65623","1647.2","DENVER INTERNATIONAL AIRPORT, CO US","  64.6","24","  43.4","24","1023.0","24","843.1","24"," 10.0","24","  6.3","24"," 11.1"," 15.0","  79.0"," ","  48.9"," "," 0.00","G","999.9","000000"
"72565003017","2023-08-15","39.84657","-104.65623","1647.2","DENVER INTERNATIONAL AIRPORT, CO US","  70.2","24","  42.0","24","1020.0","24","841.2","24"," 10.0","24","  6.4","24","  9.9","999.9","  91.9"," ","  48.9"," "," 0.00","G","999.9","000000"
"72565003017","2023-08-16","39.84657","-104.65623","1647.2","DENVER INTERNATIONAL AIRPORT, CO US","  80.4","24","  44.5","24","1012.5","24","836.6","24"," 10.0","24","  9.6","24"," 13.0"," 20.0","  99.0"," ","  54.0"," "," 0.00","G","999.9","000000"
"72565003017","2023-08-17","39.84657","-104.65623","1647.2","DENVER INTERNATIONAL AIRPORT, CO US","  77.5","24","  48.8","24","1012.4","24","837.0","24"," 10.0","24","  9.6","24"," 19.0"," 27.0","  99.0"," ","  57.9"," "," 0.00","G","999.9","000000"
"72565003017","2023-08-18","39.84657","-104.65623","1647.2","DENVER INTERNATIONAL AIRPORT, CO US","  82.8","24","  50.2","24","1008.3","24","833.5","24"," 10.0","24"," 13.5","24"," 24.1"," 31.1","  97.0","*","  73.0","*"," 0.00","G","999.9","010010"
"72565003017","2023-08-19","39.84657","-104.65623","1647.2","DENVER INTERNATIONAL AIRPORT, CO US","  78.7","24","  51.7","24","1010.6","24","835.2","24"," 10.0","24","  9.0","24"," 22.0"," 29.9","  97.0"," ","  64.9"," "," 0.00","G","999.9","010010"
"72565003017","2023-08-20","39.84657","-104.65623","1647.2","DENVER INTERNATIONAL AIRPORT, CO US","  73.7","24","  55.8","24","1015.9","21","838.9","24","  9.9","24","  7.8","24"," 25.1"," 40.0","  95.0"," ","  60.1"," "," 0.10","G","999.9","010010"
"72565003017","2023-08-21","39.84657","-104.65623","1647.2","DENVER INTERNATIONAL AIRPORT, CO US","  83.9","24","  40.1","24","1013.6","24","837.9","24"," 10.0","24"," 17.2","24"," 22.9"," 32.1","  99.0"," ","  60.1"," "," 0.00","G","999.9","000000"
"72565003017","2023-08-22","39.84657","-104.65623","1647.2","DENVER INTERNATIONAL AIRPORT, CO US","  84.1","24","  42.4","24","1013.4","24","838.2","24"," 10.0","24"," 14.6","24"," 22.0"," 27.0","  99.0"," ","  72.0"," "," 0.00","G","999.9","000000"
"72565003017","2023-08-23","39.84657","-104.65623","1647.2","DENVER INTERNATIONAL AIRPORT, CO US","  81.1","24","  45.3","24","1013.0","24","837.7","24"," 10.0","24","  8.6","24"," 18.1"," 25.1","  96.1"," ","  64.0"," "," 0.00","G","999.9","000000"
"72565003017","2023-08-24","39.84657","-104.65623","1647.2","DENVER INTERNATIONAL AIRPORT, CO US","  79.4","24","  50.3","24","1011.7","24","836.2","24"," 10.0","24","  6.5","24"," 13.0"," 17.1","  93.9"," ","  64.0"," "," 0.00","G","999.9","000000"
"72565003017","2023-08-25","39.84657","-104.65623","1647.2","DENVER INTERNATIONAL AIRPORT, CO US","  70.0","24","  55.9","24","1016.0","18","838.7","24","  9.7","24"," 11.0","24"," 27.0"," 35.0","  93.0"," ","  60.1"," "," 0.01","G","999.9","010010"
"72565003017","2023-08-26","39.84657","-104.65623","1647.2","DENVER INTERNATIONAL AIRPORT, CO US","  64.3","24","  55.0","24","1021.9","20","842.5","24","  9.9","24","  5.6","24","  9.9"," 14.0","  79.0","*","  55.4","*"," 0.03","G","999.9","000000"
"72565003017","2023-08-27","39.84657","-104.65623","1647.2","DENVER INTERNATIONAL AIRPORT, CO US","  71.6","24","  54.3","24","1016.4","23","838.5","24"," 10.0","24","  7.4","24"," 27.0"," 35.0","  91.0"," ","  55.9"," "," 0.00","G","999.9","010010"
"72565003017","2023-08-28","39.84657","-104.65623","1647.2","DENVER INTERNATIONAL AIRPORT, CO US","  67.5","24","  55.4","24","1017.8","23","839.6","24"," 10.0","24","  7.3","24"," 15.0"," 27.0","  91.0"," ","  55.0"," "," 0.05","G","999.9","010010"
"72565003017","2023-08-29","39.84657","-104.65623","1647.2","DENVER INTERNATIONAL AIRPORT, CO US","  66.5","24","  48.2","24","1020.6","22","841.7","24"," 10.0","24","  9.4","24"," 28.9"," 44.1","  82.9"," ","  54.0"," "," 0.00","G","999.9","010010"
"72565003017","2023-08-30","39.84657","-104.65623","1647.2","DENVER INTERNATIONAL AIRPORT, CO US","  74.5","24","  44.3","24","1013.6","24","836.6","24"," 10.0","24","  8.8","24"," 13.0"," 22.9","  97.0"," ","  54.0"," "," 0.00","G","999.9","000000"
"72565003017","2023-08-31","39.84657","-104.65623","1647.2","DENVER INTERNATIONAL AIRPORT, CO US","  79.4","24","  42.5","24","1007.0","23","832.2","24"," 10.0","24","  9.7","24"," 17.1"," 24.1","  97.0"," ","  57.9"," "," 0.00","G","999.9","000000"
"72565003017","2023-09-01","39.84657","-104.65623","1647.2","DENVER INTERNATIONAL AIRPORT, CO US","  80.4","24","  39.4","24","1007.5","24","832.8","24"," 10.0","24","  9.3","24"," 14.0"," 19.0","  99.0"," ","  62.1"," "," 0.00","G","999.9","000000"
"72565003017","2023-09-02","39.84657","-104.65623","1647.2","DENVER INTERNATIONAL AIRPORT, CO US","  81.1","24","  44.9","24","1010.4","24","835.4","24"," 10.0","24","  7.0","24"," 14.0","999.9","  99.0"," ","  66.0"," "," 0.00","G","999.9","000000"
"72565003017","2023-09-03","39.84657","-104.65623","1647.2","DENVER INTERNATIONAL AIRPORT, CO US","  77.7","24","  48.8","24","1011.3","22","835.6","24"," 10.0","24","  7.3","24"," 22.0"," 33.0","  95.0"," ","  64.9"," "," 0.00","G","999.9","010010"
"72565003017","2023-09-04","39.84657","-104.65623","1647.2","DENVER INTERNATIONAL AIRPORT, CO US","  72.5","24","  49.8","24","1003.2","23","828.5","24","  9.8","24","  9.9","24"," 25.1"," 35.0","  93.0"," ","  55.0"," "," 0.03","G","999.9","010010"
"72565003017","2023-09-05","39.84657","-104.65623","1647.2","DENVER INTERNATIONAL AIRPORT, CO US","  69.7","24","  40.8","24","1009.1","24","832.5","24"," 10.0","24"," 11.7","24"," 24.1"," 35.0","  93.0"," ","  48.0"," "," 0.00","G","999.9","000000"
"72565003017","2023-09-06","39.84657","-104.65623","1647.2","DENVER INTERNATIONAL AIRPORT, CO US","  67.2","24","  42.5","24","1015.6","24","837.3","24","  9.7","24","  8.8","24"," 15.0","999.9","  88.0"," ","  48.0"," "," 0.00","G","999.9","000000"
"72565003017","2023-09-07","39.84657","-104.65623","1647.2","DENVER INTERNATIONAL AIRPORT, CO US","  73.5","24","  37.0","24","1011.5","24","834.9","24"," 10.0","24","  8.1","24"," 13.0"," 15.9","  91.9"," ","  53.1"," "," 0.00","G","999.9","000000"
"72565003017","2023-09-08","39.84657","-104.65623","1647.2","DENVER INTERNATIONAL AIRPORT, CO US","  71.8","24","  33.9","24","1015.5","24","838.3","24"," 10.0","24","  5.1","24","  9.9","999.9","  91.9"," ","  51.1"," "," 0.00","G","999.9","000000"
"72565003017","2023-09-09","39.84657","-104.65623","1647.2","DENVER INTERNATIONAL AIRPORT, CO US","  74.8","24","  37.7","24","1015.8","24","838.9","24"," 10.0","24","  9.5","24"," 18.1"," 26.0","  91.9"," ","  51.1"," "," 0.00","G","999.9","000000"
"72565003017","2023-09-10","39.84657","-104.65623","1647.2","DENVER INTERNATIONAL AIRPORT, CO US","  63.3","24","  49.2","24","1018.3","19","839.9","24","  7.8","24","  6.8","24"," 14.0"," 20.0","  88.0"," ","  55.0"," "," 0.00","G","999.9","000000"
"72565003017","2023-09-11","39.84657","-104.65623","1647.2","DENVER INTERNATIONAL AIRPORT, CO US","  58.6","24","  52.4","24","1020.7","16","840.5","24","  8.0","24","  4.7","24"," 14.0","999.9","  71.1"," ","  54.0"," "," 0.21","G","999.9","010000"
"72565003017","2023-09-12","39.84657","-104.65623","1647.2","DENVER INTERNATIONAL AIRPORT, CO US","  61.0","24","  47.1","24","1017.4","24","837.9","24"," 10.0","24","  5.4","24","  8.9","999.9","  79.0"," ","  48.9"," "," 0.03","G","999.9","000000"
"72565003017","2023-09-13","39.84657","-104.65623","1647.2","DENVER INTERNATIONAL AIRPORT, CO US","  64.8","24","  44.2","24","1012.2","24","834.2","24"," 10.0","24","  6.9","24"," 12.0"," 15.9","  82.0"," ","  48.9"," "," 0.00","G","999.9","000000"
"72565003017","2023-09-14","39.84657","-104.65623","1647.2","DENVER INTERNATIONAL AIRPORT, CO US","  62.1","24","  43.2","24","1012.6","24","834.3","24"," 10.0","24","  9.0","24"," 20.0"," 29.9","  82.0"," ","  50.0"," "," 0.00","G","999.9","010010"
"72565003017","2023-09-15","39.84657","-104.65623","1647.2","DENVER INTERNATIONAL AIRPORT, CO US","  55.8","24","  49.7","24","1020.0","17","839.7","24","  9.2","24","  6.1","24"," 19.0"," 24.1","  77.0"," ","  52.0"," "," 0.42","G","999.9","010000"
"72565003017","2023-09-16","39.84657","-104.65623","1647.2","DENVER INTERNATIONAL AIRPORT, CO US","  58.4","24","  40.9","24","1021.0","24","840.1","24"," 10.0","24","  6.4","24","  9.9","999.9","  77.0"," ","  44.1"," "," 0.01","G","999.9","000000"
"72565003017","2023-09-17","39.84657","-104.65623","1647.2","DENVER INTERNATIONAL AIRPORT, CO US","  65.8","24","  36.4","24","1017.3","24","838.3","24"," 10.0","24","  6.5","24"," 12.0","999.9","  84.9"," ","  44.1"," "," 0.00","G","999.9","000000"
"72565003017","2023-09-18","39.84657","-104.65623","1647.2","DENVER INTERNATIONAL AIRPORT, CO US","  70.1","24","  36.4","24","1011.2","24","834.3","24"," 10.0","24","  8.0","24"," 13.0"," 17.1","  84.9"," ","  50.0"," "," 0.00","G","999.9","000000"
"72565003017","2023-09-19","39.84657","-104.65623","1647.2","DENVER INTERNATIONAL AIRPORT, CO US","  69.4","24","  37.8","24","1008.1","24","831.7","24"," 10.0","24","  8.7","24"," 15.0"," 24.1","  84.0"," ","  57.0"," "," 0.00","G","999.9","000000"
"72565003017","2023-09-20","39.84657","-104.65623","1647.2","DENVER INTERNATIONAL AIRPORT, CO US","  66.8","24","  37.7","24","1009.4","22","832.2","24"," 10.0","24","  8.8","24"," 14.0"," 22.0","  82.9"," ","  55.0"," "," 0.00","G","999.9","000000"
"72565003017","2023-09-21","39.84657","-104.65623","1647.2","DENVER INTERNATIONAL AIRPORT, CO US","  65.7","24","  38.3","24","1008.2","24","831.2","24"," 10.0","24","  9.0","24"," 17.1"," 29.9","  82.0"," ","  50.0"," "," 0.00","G","999.9","000000"
"72565003017","2023-09-22","39.84657","-104.65623","1647.2","DENVER INTERNATIONAL AIRPORT, CO US","  65.7","24","  42.8","24","1008.5","24","831.6","24","  9.5","24","  6.5","24"," 19.0"," 25.1","  84.0"," ","  50.0"," "," 0.00","G","999.9","000000"
"72565003017","2023-09-23","39.84657","-104.65623","1647.2","DENVER INTERNATIONAL AIRPORT, CO US","  61.5","24","  35.1","24","1009.4","24","831.6","24"," 10.0","24","  9.5","24"," 19.0"," 24.1","  84.0"," ","  43.0"," "," 0.00","G","999.9","000000"
"72565003017","2023-09-24","39.84657","-104.65623","1647.2","DENVER INTERNATIONAL AIRPORT, CO US","  59.9","24","  27.4","24","1014.2","24","835.1","24"," 10.0","24","  7.5","24"," 11.1","999.9","  80.1"," ","  39.9"," "," 0.00","G","999.9","000000"
"72565003017","2023-09-25","39.84657","-104.65623","1647.2","DENVER INTERNATIONAL AIRPORT, CO US","  64.6","24","  27.1","24","1018.1","24","839.0","24"," 10.0","24","  6.8","24"," 11.1","999.9","  84.0"," ","  39.9"," "," 0.00","G","999.9","000000"
"72565003017","2023-09-26","39.84657","-104.65623","1647.2","DENVER INTERNATIONAL AIRPORT, CO US","  66.1","24","  31.6","24","1016.9","24","838.5","24"," 10.0","24","  5.9","24","  8.9","999.9","  84.0"," ","  48.9"," "," 0.00","G","999.9","000000"
"72565003017","2023-09-27","39.84657","-104.65623","1647.2","DENVER INTERNATIONAL AIRPORT, CO US","  68.3","24","  36.2","24","1013.2","24","835.5","24"," 10.0","24","  8.2","24"," 15.0"," 22.0","  88.0"," ","  51.1"," "," 0.00","G","999.9","000000"
"72565003017","2023-09-28","39.84657","-104.65623","1647.2","DENVER INTERNATIONAL AIRPORT, CO US","  72.2","24","  34.8","24","1007.1","24","831.2","24"," 10.0","24"," 11.6","24"," 17.1"," 26.0","  88.0"," ","  53.1"," "," 0.00","G","999.9","000000"
"72565003017","2023-09-29","39.84657","-104.65623","1647.2","DENVER INTERNATIONAL AIRPORT, CO US","  66.5","24","  40.0","24","1006.7","24","830.4","24"," 10.0","24","  8.3","24"," 19.0"," 27.0","  88.0"," ","  42.1"," "," 0.00","G","999.9","000000"
"72565003017","2023-09-30","39.84657","-104.65623","1647.2","DENVER INTERNATIONAL AIRPORT, CO US","  67.5","24","  34.8","24","1008.4","24","831.4","24"," 10.0","24"," 10.1","24"," 18.1"," 26.0","  91.0"," ","  42.1"," "," 0.00","G","999.9","000000"
"72565003017","2023-10-01","39.84657","-104.65623","1647.2","DENVER INTERNATIONAL AIRPORT, CO US","  72.1","24","  39.1","24","1005.9","24","830.3","24"," 10.0","24"," 16.4","24"," 24.1"," 45.1","  91.0"," ","  50.0"," "," 0.00","G","999.9","000000"
"72565003017","2023-10-02","39.84657","-104.65623","1647.2","DENVER INTERNATIONAL AIRPORT, CO US","  68.5","24","  43.3","24","1007.3","24","831.1","24"," 10.0","24"," 12.2","24"," 21.0"," 33.0","  86.0"," ","  53.1"," "," 0.00","G","999.9","000000"
"72565003017","2023-10-03","39.84657","-104.65623","1647.2","DENVER INTERNATIONAL AIRPORT, CO US","  57.4","24","  41.3","24","1007.4","23","829.6","24","  9.9","24","  9.3","24"," 19.0"," 35.9","  84.9"," ","  43.0"," "," 0.00","G","999.9","110010"
"72565003017","2023-10-04","39.84657","-104.65623","1647.2","DENVER INTERNATIONAL AIRPORT, CO US","  56.3","24","  30.4","24","1013.8","24","834.1","24"," 10.0","24","  8.3","24"," 15.9"," 18.1","  71.1"," ","  42.1"," "," 0.00","G","999.9","000000"
"72565003017","2023-10-05","39.84657","-104.65623","1647.2","DENVER INTERNATIONAL AIRPORT, CO US","  55.3","24","  32.0","24","1019.8","24","839.0","24"," 10.0","24","  7.0","24"," 11.1","999.9","  71.1"," ","  39.9"," "," 0.00","G","999.9","000000"
"72565003017","2023-10-06","39.84657","-104.65623","1647.2","DENVER INTERNATIONAL AIRPORT, CO US","  48.9","24","  33.5","24","1025.7","24","843.0","24"," 10.0","24","  6.6","24"," 13.0","999.9","  70.0"," ","  39.9"," "," 0.00","G","999.9","000000"
"72565003017","2023-10-07","39.84657","-104.65623","1647.2","DENVER INTERNATIONAL AIRPORT, CO US","  50.6","24","  30.7","24","1025.0","24","841.8","24"," 10.0","24","  7.2","24"," 12.0","999.9","  73.0"," ","  36.0"," "," 0.00","G","999.9","000000"
"72565003017","2023-10-08","39.84657","-104.65623","1647.2","DENVER INTERNATIONAL AIRPORT, CO US","  59.8","24","  29.2","24","1017.5","24","837.5","24"," 10.0","24","  6.8","24"," 12.0"," 15.9","  78.1"," ","  36.0"," "," 0.00","G","999.9","000000"
"72565003017","2023-10-09","39.84657","-104.65623","1647.2","DENVER INTERNATIONAL AIRPORT, CO US","  59.9","24","  27.3","24","1011.7","24","833.1","24"," 10.0","24","  6.6","24","  9.9","999.9","  80.1"," ","  43.0"," "," 0.00","G","999.9","000000"
"72565003017","2023-10-10","39.84657","-104.65623","1647.2","DENVER INTERNATIONAL AIRPORT, CO US","  62.2","24","  26.3","24","1004.3","24","827.4","24","  9.9","24","  7.4","24"," 12.0","999.9","  80.1"," ","  43.0"," "," 0.00","G","999.9","000000"
"72565003017","2023-10-11","39.84657","-104.65623","1647.2","DENVER INTERNATIONAL AIRPORT, CO US","  62.5","24","  28.5","24"," 995.6","24","820.3","24"," 10.0","24","  9.5","24"," 22.0"," 34.0","  80.1"," ","  45.0"," "," 0.00","G","999.9","010010"
"72565003017","2023-10-12","39.84657","-104.65623","1647.2","DENVER INTERNATIONAL AIRPORT, CO US","  50.9","24","  38.9","24"," 994.8","24","818.1","24"," 10.0","24","  7.5","24"," 20.0"," 34.0","  59.0","*","  41.0","*"," 0.01","G","999.9","010000"
"72565003017","2023-10-13","39.84657","-104.65623","1647.2","DENVER INTERNATIONAL AIRPORT, CO US","  44.4","24","  27.0","24","1015.0","24","832.9","24"," 10.0","24"," 17.7","24"," 27.0"," 39.0","  60.1"," ","  35.1"," "," 0.00","G","999.9","000000"
"72565003017","2023-10-14","39.84657","-104.65623","1647.2","DENVER INTERNATIONAL AIRPORT, CO US","  39.4","24","  26.0","24","1024.9","24","840.2","24"," 10.0","24","  5.0","24"," 11.1","999.9","  55.0"," ","  28.9"," "," 0.00","G","999.9","000000"
"72565003017","2023-10-15","39.84657","-104.65623","1647.2","DENVER INTERNATIONAL AIRPORT, CO US","  46.8","24","  27.3","24","1026.8","24","842.4","24"," 10.0","24","  7.7","24"," 11.1"," 18.1","  66.9"," ","  28.9"," "," 0.00","G","999.9","000000"
"72565003017","2023-10-16","39.84657","-104.65623","1647.2","DENVER INTERNATIONAL AIRPORT, CO US","  54.7","24","  29.0","24","1024.0","24","841.9","24"," 10.0","24","  6.8","24","  9.9","999.9","  75.0"," ","  33.1"," "," 0.00","G","999.9","000000"
"72565003017","2023-10-17","39.84657","-104.65623","1647.2","DENVER INTERNATIONAL AIRPORT, CO US","  63.1","24","  28.8","24","1013.0","23","834.6","24"," 10.0","24","  8.5","24"," 12.0","999.9","  84.9"," ","  39.9"," "," 0.00","G","999.9","000000"
"72565003017","2023-10-18","39.84657","-104.65623","1647.2","DENVER INTERNATIONAL AIRPORT, CO US","  61.0","24","  29.6","24","1012.5","24","834.1","24"," 10.0","24","  7.7","24"," 15.9","999.9","  84.9"," ","  39.9"," "," 0.00","G","999.9","000000"
"72565003017","2023-10-19","39.84657","-104.65623","1647.2","DENVER INTERNATIONAL AIRPORT, CO US","  60.0","24","  29.2","24","1017.5","24","837.5","24"," 10.0","24","  6.5","24"," 12.0"," 15.0","  80.1"," ","  39.9"," "," 0.00","G","999.9","000000"
"72565003017","2023-10-20","39.84657","-104.65623","1647.2","DENVER INTERNATIONAL AIRPORT, CO US","  65.6","24","  21.4","24","1014.4","24","836.0","24"," 10.0","24","  7.6","24"," 12.0","999.9","  86.0"," ","  44.1"," "," 0.00","G","999.9","000000"
"72565003017","2023-10-21","39.84657","-104.65623","1647.2","DENVER INTERNATIONAL AIRPORT, CO US","  60.8","24","  19.8","24","1011.1","24","833.0","24"," 10.0","24","  6.7","24","  9.9","999.9","  86.0"," ","  42.1"," "," 0.00","G","999.9","000000"
"72565003017","2023-10-22","39.84657","-104.65623","1647.2","DENVER INTERNATIONAL AIRPORT, CO US","  59.6","24","  31.3","24","1007.9","24","830.2","24"," 10.0","24","  8.7","24"," 15.0"," 24.1","  82.0"," ","  42.1"," "," 0.00","G","999.9","000000"
"72565003017","2023-10-23","39.84657","-104.65623","1647.2","DENVER INTERNATIONAL AIRPORT, CO US","  60.4","24","  29.4","24","1004.3","24","826.8","24"," 10.0","24","  7.9","24"," 14.0","999.9","  81.0"," ","  42.1"," "," 0.00","G","999.9","000000"
"72565003017","2023-10-24","39.84657","-104.65623","1647.2","DENVER INTERNATIONAL AIRPORT, CO US","  56.9","24","  35.4","24","1005.4","24","827.7","24"," 10.0","24","  5.6","24"," 13.0"," 18.1","  81.0"," ","  42.1"," "," 0.00","G","999.9","000000"
"72565003017","2023-10-25","39.84657","-104.65623","1647.2","DENVER INTERNATIONAL AIRPORT, CO US","  52.6","24","  42.4","24","1008.6","19","829.9","24","  8.0","24","  6.2","24"," 12.0"," 19.0","  70.0"," ","  39.0"," "," 0.00","G","999.9","110010"
"72565003017","2023-10-26","39.84657","-104.65623","1647.2","DENVER INTERNATIONAL AIRPORT, CO US","  45.8","24","  40.8","24","1006.3","14","827.1","24","  5.1","24","  5.7","24"," 20.0"," 26.0","  63.0","*","  37.4","*"," 0.00","G","999.9","110000"
"72565003017","2023-10-27","39.84657","-104.65623","1647.2","DENVER INTERNATIONAL AIRPORT, CO US","  34.4","24","  24.5","24","1020.2","18","835.4","24","  9.5","24"," 11.3","24"," 20.0"," 25.1","  50.0"," ","  24.1"," "," 0.00","G","999.9","010000"
"72565003017","2023-10-28","39.84657","-104.65623","1647.2","DENVER INTERNATIONAL AIRPORT, CO US","  28.6","24","  19.1","24","1020.7","19","834.9","24","  7.9","24","  7.6","24"," 14.0"," 18.1","  50.0"," ","  24.1"," "," 0.01","G","999.9","101000"
"72565003017","2023-10-29","39.84657","-104.65623","1647.2","DENVER INTERNATIONAL AIRPORT, CO US","  22.4","24","  16.6","24","1031.4","11","840.6","24","  4.2","24","  4.8","24","  7.0","999.9","  30.9"," ","  19.0"," "," 0.42","G","999.9","101000"
"72565003017","2023-10-30","39.84657","-104.65623","1647.2","DENVER INTERNATIONAL AIRPORT, CO US","  25.2","24","  12.2","24","1030.3","24","840.9","24"," 10.0","24","  8.1","24"," 12.0"," 15.9","  45.0"," ","  10.9"," "," 0.08","G","  5.9","000000"
"72565003017","2023-10-31","39.84657","-104.65623","1647.2","DENVER INTERNATIONAL AIRPORT, CO US","  32.6","24","  15.5","24","1028.3","24","841.0","24"," 10.0","24","  5.1","24"," 11.1","999.9","  51.1"," ","  10.9"," "," 0.00","G","  3.9","000000"
"72565003017","2023-11-01","39.84657","-104.65623","1647.2","DENVER INTERNATIONAL AIRPORT, CO US","  44.4","24","  21.5","24","1021.0","24","837.0","24"," 10.0","24","  7.1","24"," 11.1","999.9","  63.0","*","  33.1","*"," 0.00","G","  2.0","000000"
"72565003017","2023-11-02","39.84657","-104.65623","1647.2","DENVER INTERNATIONAL AIRPORT, CO US","  49.1","24","  21.3","24","1016.6","24","834.9","24"," 10.0","24","  7.7","24"," 14.0"," 22.9","  70.0"," ","  30.9"," "," 0.00","G","999.9","000000"
"72565003017","2023-11-03","39.84657","-104.65623","1647.2","DENVER INTERNATIONAL AIRPORT, CO US","  56.5","24","  27.6","24","1013.9","24","834.0","24"," 10.0","24","  6.5","24","  9.9","999.9","  70.0"," ","  30.9"," "," 0.00","G","999.9","000000"
"72565003017","2023-11-04","39.84657","-104.65623","1647.2","DENVER INTERNATIONAL AIRPORT, CO US","  50.1","24","  30.3","24","1018.8","24","837.4","24"," 10.0","24","  7.7","24"," 12.0"," 17.1","  69.1"," ","  32.0"," "," 0.00","G","999.9","000000"
"72565003017","2023-11-05","39.84657","-104.65623","1647.2","DENVER INTERNATIONAL AIRPORT, CO US","  56.7","24","  25.1","24","1012.3","24","832.4","24"," 10.0","24","  9.3","24"," 22.0"," 28.9","  78.1"," ","  32.0"," "," 0.00","G","999.9","000000"
"72565003017","2023-11-06","39.84657","-104.65623","1647.2","DENVER INTERNATIONAL AIRPORT, CO US","  57.0","24","  24.9","24","1007.7","24","829.5","24"," 10.0","24","  9.2","24"," 14.0"," 21.0","  78.1"," ","  41.0"," "," 0.00","G","999.9","000000"
"72565003017","2023-11-07","39.84657","-104.65623","1647.2","DENVER INTERNATIONAL AIRPORT, CO US","  58.3","24","  21.3","24","1004.0","24","826.2","24"," 10.0","24","  9.9","24"," 17.1","999.9","  75.9"," ","  39.0"," "," 0.00","G","999.9","000000"
"72565003017","2023-11-08","39.84657","-104.65623","1647.2","DENVER INTERNATIONAL AIRPORT, CO US","  43.1","24","  28.1","24","1011.7","24","831.1","24"," 10.0","24","  7.1","24"," 17.1"," 25.1","  57.0","*","  32.0","*"," 0.00","G","999.9","000000"
"72565003017","2023-11-09","39.84657","-104.65623","1647.2","DENVER INTERNATIONAL AIRPORT, CO US","  38.5","24","  26.2","24","1023.5","24","838.7","24"," 10.0","24","  6.9","24"," 11.1"," 15.0","  50.0"," ","  27.0"," "," 0.00","G","999.9","000000"
"72565003017","2023-11-10","39.84657","-104.65623","1647.2","DENVER INTERNATIONAL AIRPORT, CO US","  36.7","24","  16.0","24","1021.4","24","836.5","24"," 10.0","24","  7.4","24"," 13.0","999.9","  55.0"," ","  24.1"," "," 0.00","G","999.9","000000"
"72565003017","2023-11-11","39.84657","-104.65623","1647.2","DENVER INTERNATIONAL AIRPORT, CO US","  42.3","24","  12.2","24","1018.5","24","835.0","24"," 10.0","24","  8.9","24"," 15.9"," 22.0","  62.1"," ","  24.1"," "," 0.00","G","999.9","000000"
"72565003017","2023-11-12","39.84657","-104.65623","1647.2","DENVER INTERNATIONAL AIRPORT, CO US","  48.2","24","  10.7","24","1020.7","24","838.1","24"," 10.0","24","  8.9","24"," 14.0","999.9","  63.0"," ","  24.1"," "," 0.00","G","999.9","000000"
"72565003017","2023-11-13","39.84657","-104.65623","1647.2","DENVER INTERNATIONAL AIRPORT, CO US","  46.8","24","  16.5","24","1023.1","24","840.1","24"," 10.0","24","  7.9","24"," 15.0","999.9","  64.9"," ","  32.0"," "," 0.00","G","999.9","000000"
"72565003017","2023-11-14","39.84657","-104.65623","1647.2","DENVER INTERNATIONAL AIRPORT, CO US","  52.3","24","  13.5","24","1016.2","24","835.0","24","  9.9","24","  6.7","24"," 11.1","999.9","  70.0"," ","  32.0"," "," 0.00","G","999.9","000000"
"72565003017","2023-11-15","39.84657","-104.65623","1647.2","DENVER INTERNATIONAL AIRPORT, CO US","  50.8","24","  12.8","24","1017.3","24","836.1","24"," 10.0","24","  8.2","24"," 13.0"," 22.0","  70.0"," ","  33.1"," "," 0.00","G","999.9","000000"
"72565003017","2023-11-16","39.84657","-104.65623","1647.2","DENVER INTERNATIONAL AIRPORT, CO US","  54.5","24","  19.3","24","1008.2","24","829.3","24"," 10.0","24","  9.6","24"," 20.0"," 31.1","  70.0"," ","  33.1"," "," 0.00","G","999.9","000000"
"72565003017","2023-11-17","39.84657","-104.65623","1647.2","DENVER INTERNATIONAL AIRPORT, CO US","  46.0","24","  32.6","24","1015.1","22","833.7","24","  7.8","24","  7.2","24"," 20.0"," 25.1","  70.0"," ","  30.9"," "," 0.00","G","999.9","100000"
"72565003017","2023-11-18","39.84657","-104.65623","1647.2","DENVER INTERNATIONAL AIRPORT, CO US","  44.7","24","  27.2","24","1015.7","24","833.6","24"," 10.0","24","  6.6","24","  9.9","999.9","  64.9"," ","  30.9"," "," 0.00","G","999.9","000000"
"72565003017","2023-11-19","39.84657","-104.65623","1647.2","DENVER INTERNATIONAL AIRPORT, CO US","  45.3","24","  26.1","24","1007.0","24","826.6","24"," 10.0","24","  5.2","24","  8.9","999.9","  60.1"," ","  27.0"," "," 0.00","G","999.9","000000"
"72565003017","2023-11-20","39.84657","-104.65623","1647.2","DENVER INTERNATIONAL AIRPORT, CO US","  42.6","24","  28.6","24","1013.9","23","832.0","24"," 10.0","24"," 15.1","24"," 29.9"," 41.0","  59.0"," ","  27.0"," "," 0.00","G","999.9","011000"
"72565003017","2023-11-21","39.84657","-104.65623","1647.2","DENVER INTERNATIONAL AIRPORT, CO US","  39.8","24","  20.7","24","1030.3","24","844.4","24"," 10.0","24","  9.3","24"," 21.0"," 28.9","  55.9"," ","  26.1"," "," 0.01","G","999.9","000000"
"72565003017","2023-11-22","39.84657","-104.65623","1647.2","DENVER INTERNATIONAL AIRPORT, CO US","  49.0","24","  16.9","24","1020.4","24","837.5","24"," 10.0","24","  8.6","24"," 15.0","999.9","  68.0"," ","  26.1"," "," 0.00","G","999.9","000000"
"72565003017","2023-11-23","39.84657","-104.65623","1647.2","DENVER INTERNATIONAL AIRPORT, CO US","  39.8","24","  19.4","24","1015.8","24","833.7","24"," 10.0","24","  5.6","24","  9.9","999.9","  68.0"," ","  28.9"," "," 0.00","G","999.9","000000"
"72565003017","2023-11-24","39.84657","-104.65623","1647.2","DENVER INTERNATIONAL AIRPORT, CO US","  22.4","24","  15.9","24","1023.8","17","836.5","24","  6.4","24"," 11.4","24"," 17.1"," 22.0","  46.0"," ","  17.1"," "," 0.06","G","999.9","001000"
"72565003017","2023-11-25","39.84657","-104.65623","1647.2","DENVER INTERNATIONAL AIRPORT, CO US","  16.6","24","  11.8","24","1021.8","12","832.8","24","  5.7","24","  7.0","24"," 12.0","999.9","  25.0"," ","  12.0"," "," 0.04","G","  1.2","001000"
"72565003017","2023-11-26","39.84657","-104.65623","1647.2","DENVER INTERNATIONAL AIRPORT, CO US","  23.1","24","  11.7","24","1024.1","24","835.1","24"," 10.0","24","  7.8","24"," 13.0","999.9","  39.0"," ","  12.0"," "," 0.07","G","  2.0","000000"
"72565003017","2023-11-27","39.84657","-104.65623","1647.2","DENVER INTERNATIONAL AIRPORT, CO US","  25.4","24","  12.4","24","1025.2","24","837.1","24"," 10.0","24","  6.8","24"," 11.1","999.9","  43.0"," ","  10.0"," "," 0.00","G","  2.0","000000"
"72565003017","2023-11-28","39.84657","-104.65623","1647.2","DENVER INTERNATIONAL AIRPORT, CO US","  38.2","24","   9.8","24","1022.3","24","836.9","24"," 10.0","24","  8.9","24"," 15.9","999.9","  55.9","*","  28.0","*"," 0.00","G","  2.0","000000"
"72565003017","2023-11-29","39.84657","-104.65623","1647.2","DENVER INTERNATIONAL AIRPORT, CO US","  39.2","24","  10.0","24","1014.9","24","831.8","24"," 10.0","24","  7.4","24"," 13.0","999.9","  59.0"," ","  25.0"," "," 0.00","G","  1.2","000000"
"72565003017","2023-11-30","39.84657","-104.65623","1647.2","DENVER INTERNATIONAL AIRPORT, CO US","  32.3","24","  11.5","24","1009.5","24","826.6","24"," 10.0","24","  6.8","24"," 11.1","999.9","  59.0"," ","  19.9"," "," 0.00","G","999.9","000000"
"72565003017","2023-12-01","39.84657","-104.65623","1647.2","DENVER INTERNATIONAL AIRPORT, CO US","  27.1","24","  17.5","24","1009.5","24","824.9","24","  9.9","24","  6.2","24","  9.9","999.9","  41.0"," ","  19.9"," "," 0.00","G","999.9","000000"
"72565003017","2023-12-02","39.84657","-104.65623","1647.2","DENVER INTERNATIONAL AIRPORT, CO US","  31.3","24","  14.8","24","1009.1","24","825.2","24"," 10.0","24"," 10.4","24"," 25.1"," 34.0","  43.0"," ","  18.0"," "," 0.00","G","999.9","000000"
"72565003017","2023-12-03","39.84657","-104.65623","1647.2","DENVER INTERNATIONAL AIRPORT, CO US","  34.0","24","  12.3","24","1009.3","23","825.9","24","  9.9","24","  8.0","24"," 15.9"," 28.9","  43.0"," ","  18.0"," "," 0.00","G","999.9","001000"
"72565003017","2023-12-04","39.84657","-104.65623","1647.2","DENVER INTERNATIONAL AIRPORT, CO US","  39.2","24","  18.9","24","1015.3","22","831.1","24"," 10.0","24"," 11.1","24"," 22.9"," 33.0","  60.1"," ","  23.0"," "," 0.00","G","999.9","000000"
"72565003017","2023-12-05","39.84657","-104.65623","1647.2","DENVER INTERNATIONAL AIRPORT, CO US","  42.4","24","  23.5","24","1022.3","24","838.4","24"," 10.0","24","  8.3","24"," 14.0","999.9","  66.9"," ","  23.0"," "," 0.00","G","999.9","000000"
"72565003017","2023-12-06","39.84657","-104.65623","1647.2","DENVER INTERNATIONAL AIRPORT, CO US","  49.4","24","  20.1","24","1019.8","24","837.5","24"," 10.0","24","  7.7","24"," 12.0","999.9","  71.1"," ","  26.2"," "," 0.00","G","999.9","000000"
"72565003017","2023-12-07","39.84657","-104.65623","1647.2","DENVER INTERNATIONAL AIRPORT, CO US","  49.5","24","  17.1","24","1005.5","24","826.1","24"," 10.0","24"," 11.7","24"," 27.0"," 36.9","  71.1"," ","  36.0"," "," 0.00","G","999.9","000000"
"72565003017","2023-12-08","39.84657","-104.65623","1647.2","DENVER INTERNATIONAL AIRPORT, CO US","  37.5","24","  18.3","24","1005.8","24","824.9","24"," 10.0","24","  9.0","24"," 22.0"," 38.1","  63.0"," ","  25.0"," "," 0.00","G","999.9","000000"
"72565003017","2023-12-09","39.84657","-104.65623","1647.2","DENVER INTERNATIONAL AIRPORT, CO US","  28.9","24","  18.1","24","1023.2","21","835.7","24","  8.1","24","  9.3","24"," 20.0"," 26.0","  41.0"," ","  19.0"," "," 0.04","G","999.9","001000"
"72565003017","2023-12-10","39.84657","-104.65623","1647.2","DENVER INTERNATIONAL AIRPORT, CO US","  32.8","24","  13.4","24","1022.0","24","835.6","24"," 10.0","24"," 12.7","24"," 25.1"," 36.9","  53.1"," ","  19.0"," "," 0.00","G","999.9","000000"
"72565003017","2023-12-11","39.84657","-104.65623","1647.2","DENVER INTERNATIONAL AIRPORT, CO US","  41.4","24","  22.9","24","1016.8","24","833.7","24"," 10.0","24","  6.3","24"," 12.0"," 15.9","  53.1"," ","  21.0"," "," 0.00","G","999.9","000000"
"72565003017","2023-12-12","39.84657","-104.65623","1647.2","DENVER INTERNATIONAL AIRPORT, CO US","  32.2","24","  25.6","24","1022.3","14","837.2","24","  6.4","24","  5.6","24"," 12.0","999.9","  53.1"," ","  25.0"," "," 0.00","G","999.9","100000"
"72565003017","2023-12-13","39.84657","-104.65623","1647.2","DENVER INTERNATIONAL AIRPORT, CO US","  31.5","24","  22.8","24","1029.3","23","841.7","24","  9.8","24","  4.7","24"," 12.0","999.9","  41.0"," ","  24.1"," "," 0.00","G","999.9","001000"
"72565003017","2023-12-14","39.84657","-104.65623","1647.2","DENVER INTERNATIONAL AIRPORT, CO US","  31.2","24","  27.8","24","1024.5","13","838.7","24","  3.5","24","  3.5","24","  8.0","999.9","  41.0"," ","  21.0"," "," 0.07","G","999.9","101000"
"72565003017","2023-12-15","39.84657","-104.65623","1647.2","DENVER INTERNATIONAL AIRPORT, CO US","  35.2","24","  22.5","24","1024.4","24","838.1","24","  8.5","24","  7.4","24"," 17.1","999.9","  52.0"," ","  21.0"," "," 0.00","G","  1.2","000000"
"72565003017","2023-12-16","39.84657","-104.65623","1647.2","DENVER INTERNATIONAL AIRPORT, CO US","  39.9","24","  15.1","24","1022.6","24","837.8","24"," 10.0","24","  7.7","24"," 12.0","999.9","  63.0"," ","  23.0"," "," 0.00","G","999.9","000000"
"72565003017","2023-12-17","39.84657","-104.65623","1647.2","DENVER INTERNATIONAL AIRPORT, CO US","  47.9","24","  12.4","24","1017.6","24","835.6","24"," 10.0","24","  8.1","24"," 15.9"," 22.9","  59.0","*","  39.9","*"," 0.00","G","999.9","000000"
"72565003017","2023-12-18","39.84657","-104.65623","1647.2","DENVER INTERNATIONAL AIRPORT, CO US","  36.4","24","  13.8","24","1022.3","24","837.7","24"," 10.0","24","  7.7","24"," 12.0","999.9","  60.1"," ","  21.9"," "," 0.00","G","999.9","000000"
"72565003017","2023-12-19","39.84657","-104.65623","1647.2","DENVER INTERNATIONAL AIRPORT, CO US","  49.8","24","  12.7","24","1010.8","24","829.8","24"," 10.0","24","  8.0","24"," 14.0","999.9","  66.0","*","  39.9","*"," 0.00","G","999.9","000000"
"72565003017","2023-12-20","39.84657","-104.65623","1647.2","DENVER INTERNATIONAL AIRPORT, CO US","  46.8","24","  19.0","24","1012.9","24","831.9","24"," 10.0","24","  7.2","24"," 11.1","999.9","  66.9"," ","  37.0"," "," 0.00","G","999.9","000000"
"72565003017","2023-12-21","39.84657","-104.65623","1647.2","DENVER INTERNATIONAL AIRPORT, CO US","  46.1","24","  23.3","24","1017.0","24","834.8","24"," 10.0","24","  6.2","24","  8.0","999.9","  59.0"," ","  37.0"," "," 0.00","G","999.9","000000"
"72565003017","2023-12-22","39.84657","-104.65623","1647.2","DENVER INTERNATIONAL AIRPORT, CO US","  42.7","24","  22.5","24","1018.6","24","835.7","24"," 10.0","24","  7.8","24"," 11.1","999.9","  59.0"," ","  27.0"," "," 0.00","G","999.9","000000"
"72565003017","2023-12-23","39.84657","-104.65623","1647.2","DENVER INTERNATIONAL AIRPORT, CO US","  41.5","24","  23.6","24","1007.6","24","826.3","24"," 10.0","24","  5.9","24"," 12.0","999.9","  59.0"," ","  27.0"," "," 0.00","G","999.9","000000"
"72565003017","2023-12-24","39.84657","-104.65623","1647.2","DENVER INTERNATIONAL AIRPORT, CO US","  31.5","24","  20.2","24","1014.6","19","830.1","24","  7.7","24"," 16.5","24"," 22.9"," 33.0","  53.1"," ","  24.1"," "," 0.00","G","999.9","011000"
"72565003017","2023-12-25","39.84657","-104.65623","1647.2","DENVER INTERNATIONAL AIRPORT, CO US","  20.7","24","   5.9","24","1022.0","24","833.9","24"," 10.0","24","  6.4","24"," 14.0"," 24.1","  32.0"," ","   8.1"," "," 0.00","G","999.9","000000"
"72565003017","2023-12-26","39.84657","-104.65623","1647.2","DENVER INTERNATIONAL AIRPORT, CO US","  30.0","24","  11.2","24","1014.1","17","828.2","24","  8.9","24"," 15.7","24"," 31.1"," 55.9","  41.0"," ","   8.1"," "," 0.00","G","999.9","011000"
"72565003017","2023-12-27","39.84657","-104.65623","1647.2","DENVER INTERNATIONAL AIRPORT, CO US","  40.1","24","  15.3","24","1017.0","24","833.3","24"," 10.0","24"," 14.2","24"," 22.9"," 29.9","  48.0"," ","  25.0"," "," 0.01","G","999.9","000000"
"72565003017","2023-12-28","39.84657","-104.65623","1647.2","DENVER INTERNATIONAL AIRPORT, CO US","  29.3","24","  10.7","24","1023.1","24","836.9","24"," 10.0","24","  7.0","24"," 11.1","999.9","  48.0"," ","  14.0"," "," 0.00","G","999.9","000000"
"72565003017","2023-12-29","39.84657","-104.65623","1647.2","DENVER INTERNATIONAL AIRPORT, CO US","  36.4","24","   8.8","24","1024.6","24","838.7","24"," 10.0","24","  7.6","24","  9.9","999.9","  52.0"," ","  14.0"," "," 0.00","G","999.9","000000"
"72565003017","2023-12-30","39.84657","-104.65623","1647.2","DENVER INTERNATIONAL AIRPORT, CO US","  38.6","24","  10.4","24","1018.8","24","834.7","24"," 10.0","24","  8.4","24"," 14.0","999.9","  57.9"," ","  26.1"," "," 0.00","G","999.9","000000"
"72565003017","2023-12-31","39.84657","-104.65623","1647.2","DENVER INTERNATIONAL AIRPORT, CO US","  32.8","24","  16.0","24","1018.6","24","834.1","24"," 10.0","24","  5.9","24"," 11.1","999.9","  57.9"," ","  21.9"," "," 0.00","G","999.9","000000"
